;hour_of_day;act1
0;0.0;0.0
1;1.0;0.0
2;2.0;0.0
3;3.0;0.0
4;4.0;0.0
5;5.0;0.0
6;6.0;0.0
7;7.0;0.0
8;8.0;0.0
9;9.0;0.0
10;10.0;0.0
11;11.0;0.0
12;12.0;0.0
13;13.0;0.0
14;14.0;0.0
15;15.0;0.0
16;16.0;0.0
17;17.0;0.0
18;18.0;0.0
19;19.0;0.0
20;20.0;0.0
21;21.0;0.0
22;22.0;0.0
23;23.0;0.0
24;0.0;0.0
25;1.0;0.0
26;2.0;0.0
27;3.0;0.0
28;4.0;0.0
29;5.0;0.0
30;6.0;0.0
31;7.0;0.0
32;8.0;0.0
33;9.0;0.0
34;10.0;0.0
35;11.0;0.0
36;12.0;0.0
37;13.0;0.0
38;14.0;0.0
39;15.0;0.0
40;16.0;0.0
41;17.0;0.0
42;18.0;0.0
43;19.0;0.0
44;20.0;0.0
45;21.0;0.0
46;22.0;0.0
47;23.0;0.0
48;0.0;0.0
49;1.0;0.0
50;2.0;0.0
51;3.0;0.0
52;4.0;0.0
53;5.0;0.0
54;6.0;0.0
55;7.0;0.0
56;8.0;0.0
57;9.0;0.0
58;10.0;0.0
59;11.0;0.0
60;12.0;0.0
61;13.0;0.0
62;14.0;0.0
63;15.0;0.0
64;16.0;0.0
65;17.0;0.0
66;18.0;0.0
67;19.0;0.0
68;20.0;0.0
69;21.0;0.0
70;22.0;0.0
71;23.0;0.0
72;0.0;0.0
73;1.0;0.0
74;2.0;0.0
75;3.0;0.0
76;4.0;0.0
77;5.0;0.0
78;6.0;0.0
79;7.0;0.0
80;8.0;0.0
81;9.0;0.0
82;10.0;0.0
83;11.0;0.0
84;12.0;0.0
85;13.0;0.0
86;14.0;0.0
87;15.0;0.0
88;16.0;0.0
89;17.0;0.0
90;18.0;0.0
91;19.0;0.0
92;20.0;0.0
93;21.0;0.0
94;22.0;0.0
95;23.0;0.0
96;0.0;0.0
97;1.0;0.0
98;2.0;0.0
99;3.0;0.0
100;4.0;0.0
101;5.0;0.0
102;6.0;0.0
103;7.0;0.0
104;8.0;0.0
105;9.0;0.0
106;10.0;0.0
107;11.0;0.0
108;12.0;0.0
109;13.0;0.0
110;14.0;0.0
111;15.0;0.0
112;16.0;0.0
113;17.0;0.0
114;18.0;0.0
115;19.0;0.0
116;20.0;0.0
117;21.0;0.0
118;22.0;0.0
119;23.0;0.0
120;0.0;0.0
121;1.0;0.0
122;2.0;0.0
123;3.0;0.0
124;4.0;0.0
125;5.0;0.0
126;6.0;0.0
127;7.0;0.0
128;8.0;0.0
129;9.0;0.0
130;10.0;0.0
131;11.0;0.0
132;12.0;0.0
133;13.0;0.0
134;14.0;0.0
135;15.0;0.0
136;16.0;0.0
137;17.0;0.0
138;18.0;0.0
139;19.0;0.0
140;20.0;0.0
141;21.0;0.0
142;22.0;0.0
143;23.0;0.0
144;0.0;0.0
145;1.0;0.0
146;2.0;0.0
147;3.0;0.0
148;4.0;0.0
149;5.0;0.0
150;6.0;0.0
151;7.0;0.0
152;8.0;0.0
153;9.0;0.0
154;10.0;0.0
155;11.0;0.0
156;12.0;0.0
157;13.0;0.0
158;14.0;0.0
159;15.0;0.0
160;16.0;0.0
161;17.0;0.0
162;18.0;0.0
163;19.0;0.0
164;20.0;0.0
165;21.0;0.0
166;22.0;0.0
167;23.0;0.0
168;0.0;0.0
169;1.0;0.0
170;2.0;0.0
171;3.0;0.0
172;4.0;0.0
173;5.0;0.0
174;6.0;0.0
175;7.0;0.0
176;8.0;0.0
177;9.0;0.0
178;10.0;0.0
179;11.0;0.0
180;12.0;0.0
181;13.0;0.0
182;14.0;0.0
183;15.0;0.0
184;16.0;0.0
185;17.0;0.0
186;18.0;0.0
187;19.0;0.0
188;20.0;0.0
189;21.0;0.0
190;22.0;0.0
191;23.0;0.0
192;0.0;0.0
193;1.0;0.0
194;2.0;0.0
195;3.0;0.0
196;4.0;0.0
197;5.0;0.0
198;6.0;0.0
199;7.0;0.0
200;8.0;0.0
201;9.0;0.0
202;10.0;0.0
203;11.0;0.0
204;12.0;0.0
205;13.0;0.0
206;14.0;0.0
207;15.0;0.0
208;16.0;0.0
209;17.0;0.0
210;18.0;0.0
211;19.0;0.0
212;20.0;0.0
213;21.0;0.0
214;22.0;0.0
215;23.0;0.0
216;0.0;0.0
217;1.0;0.0
218;2.0;0.0
219;3.0;0.0
220;4.0;0.0
221;5.0;0.0
222;6.0;0.0
223;7.0;0.0
224;8.0;0.0
225;9.0;0.0
226;10.0;0.0
227;11.0;0.0
228;12.0;0.0
229;13.0;0.0
230;14.0;0.0
231;15.0;0.0
232;16.0;0.0
233;17.0;0.0
234;18.0;0.0
235;19.0;0.0
236;20.0;0.0
237;21.0;0.0
238;22.0;0.0
239;23.0;0.0
240;0.0;0.0
241;1.0;0.0
242;2.0;0.0
243;3.0;0.0
244;4.0;0.0
245;5.0;0.0
246;6.0;0.0
247;7.0;0.0
248;8.0;0.0
249;9.0;0.0
250;10.0;0.0
251;11.0;0.0
252;12.0;0.0
253;13.0;0.0
254;14.0;0.0
255;15.0;0.0
256;16.0;0.0
257;17.0;0.0
258;18.0;0.0
259;19.0;0.0
260;20.0;0.0
261;21.0;0.0
262;22.0;0.0
263;23.0;0.0
264;0.0;0.0
265;1.0;0.0
266;2.0;0.0
267;3.0;0.0
268;4.0;0.0
269;5.0;0.0
270;6.0;0.0
271;7.0;0.0
272;8.0;0.0
273;9.0;0.0
274;10.0;0.0
275;11.0;0.0
276;12.0;0.0
277;13.0;0.0
278;14.0;0.0
279;15.0;0.0
280;16.0;0.0
281;17.0;0.0
282;18.0;0.0
283;19.0;0.0
284;20.0;0.0
285;21.0;0.0
286;22.0;0.0
287;23.0;0.0
288;0.0;0.0
289;1.0;0.0
290;2.0;0.0
291;3.0;0.0
292;4.0;0.0
293;5.0;0.0
294;6.0;0.0
295;7.0;0.0
296;8.0;0.0
297;9.0;0.0
298;10.0;0.0
299;11.0;0.0
300;12.0;0.0
301;13.0;0.0
302;14.0;0.0
303;15.0;0.0
304;16.0;0.0
305;17.0;0.0
306;18.0;0.0
307;19.0;0.0
308;20.0;0.0
309;21.0;0.0
310;22.0;0.0
311;23.0;0.0
312;0.0;0.0
313;1.0;0.0
314;2.0;0.0
315;3.0;0.0
316;4.0;0.0
317;5.0;0.0
318;6.0;0.0
319;7.0;0.0
320;8.0;0.0
321;9.0;0.0
322;10.0;0.0
323;11.0;0.0
324;12.0;0.0
325;13.0;0.0
326;14.0;0.0
327;15.0;0.0
328;16.0;0.0
329;17.0;0.0
330;18.0;0.0
331;19.0;0.0
332;20.0;0.0
333;21.0;0.0
334;22.0;0.0
335;23.0;0.0
336;0.0;0.0
337;1.0;0.0
338;2.0;0.0
339;3.0;0.0
340;4.0;0.0
341;5.0;0.0
342;6.0;0.0
343;7.0;0.0
344;8.0;0.0
345;9.0;0.0
346;10.0;0.0
347;11.0;0.0
348;12.0;0.0
349;13.0;0.0
350;14.0;0.0
351;15.0;0.0
352;16.0;0.0
353;17.0;0.0
354;18.0;0.0
355;19.0;0.0
356;20.0;0.0
357;21.0;0.0
358;22.0;0.0
359;23.0;0.0
360;0.0;0.0
361;1.0;0.0
362;2.0;0.0
363;3.0;0.0
364;4.0;0.0
365;5.0;0.0
366;6.0;0.0
367;7.0;0.0
368;8.0;0.0
369;9.0;0.0
370;10.0;0.0
371;11.0;0.0
372;12.0;0.0
373;13.0;0.0
374;14.0;0.0
375;15.0;0.0
376;16.0;0.0
377;17.0;0.0
378;18.0;0.0
379;19.0;0.0
380;20.0;0.0
381;21.0;0.0
382;22.0;0.0
383;23.0;0.0
384;0.0;0.0
385;1.0;0.0
386;2.0;0.0
387;3.0;0.0
388;4.0;0.0
389;5.0;0.0
390;6.0;0.0
391;7.0;0.0
392;8.0;0.0
393;9.0;0.0
394;10.0;0.0
395;11.0;0.0
396;12.0;0.0
397;13.0;0.0
398;14.0;0.0
399;15.0;0.0
400;16.0;0.0
401;17.0;0.0
402;18.0;0.0
403;19.0;0.0
404;20.0;0.0
405;21.0;0.0
406;22.0;0.0
407;23.0;0.0
408;0.0;0.0
409;1.0;0.0
410;2.0;0.0
411;3.0;0.0
412;4.0;0.0
413;5.0;0.0
414;6.0;0.0
415;7.0;0.0
416;8.0;0.0
417;9.0;0.0
418;10.0;0.0
419;11.0;0.0
420;12.0;0.0
421;13.0;0.0
422;14.0;0.0
423;15.0;0.0
424;16.0;0.0
425;17.0;0.0
426;18.0;0.0
427;19.0;0.0
428;20.0;0.0
429;21.0;0.0
430;22.0;0.0
431;23.0;0.0
432;0.0;0.0
433;1.0;0.0
434;2.0;0.0
435;3.0;0.0
436;4.0;0.0
437;5.0;0.0
438;6.0;0.0
439;7.0;0.0
440;8.0;0.0
441;9.0;0.0
442;10.0;0.0
443;11.0;0.0
444;12.0;0.0
445;13.0;0.0
446;14.0;0.0
447;15.0;0.0
448;16.0;0.0
449;17.0;0.0
450;18.0;0.0
451;19.0;0.0
452;20.0;0.0
453;21.0;0.0
454;22.0;0.0
455;23.0;0.0
456;0.0;0.0
457;1.0;0.0
458;2.0;0.0
459;3.0;0.0
460;4.0;0.0
461;5.0;0.0
462;6.0;0.0
463;7.0;0.0
464;8.0;0.0
465;9.0;0.0
466;10.0;0.0
467;11.0;0.0
468;12.0;0.0
469;13.0;0.0
470;14.0;0.0
471;15.0;0.0
472;16.0;0.0
473;17.0;0.0
474;18.0;0.0
475;19.0;0.0
476;20.0;0.0
477;21.0;0.0
478;22.0;0.0
479;23.0;0.0
480;0.0;0.0
481;1.0;0.0
482;2.0;0.0
483;3.0;0.0
484;4.0;0.0
485;5.0;0.0
486;6.0;0.0
487;7.0;0.0
488;8.0;0.0
489;9.0;0.0
490;10.0;0.0
491;11.0;0.0
492;12.0;0.0
493;13.0;0.0
494;14.0;0.0
495;15.0;0.0
496;16.0;0.0
497;17.0;0.0
498;18.0;0.0
499;19.0;0.0
500;20.0;0.0
501;21.0;0.0
502;22.0;0.0
503;23.0;0.0
504;0.0;0.0
505;1.0;0.0
506;2.0;0.0
507;3.0;0.0
508;4.0;0.0
509;5.0;0.0
510;6.0;0.0
511;7.0;0.0
512;8.0;0.0
513;9.0;0.0
514;10.0;0.0
515;11.0;0.0
516;12.0;0.0
517;13.0;0.0
518;14.0;0.0
519;15.0;0.0
520;16.0;0.0
521;17.0;0.0
522;18.0;0.0
523;19.0;0.0
524;20.0;0.0
525;21.0;0.0
526;22.0;0.0
527;23.0;0.0
528;0.0;0.0
529;1.0;0.0
530;2.0;0.0
531;3.0;0.0
532;4.0;0.0
533;5.0;0.0
534;6.0;0.0
535;7.0;0.0
536;8.0;0.0
537;9.0;0.0
538;10.0;0.0
539;11.0;0.0
540;12.0;0.0
541;13.0;0.0
542;14.0;0.0
543;15.0;0.0
544;16.0;0.0
545;17.0;0.0
546;18.0;0.0
547;19.0;0.0
548;20.0;0.0
549;21.0;0.0
550;22.0;0.0
551;23.0;0.0
552;0.0;0.0
553;1.0;0.0
554;2.0;0.0
555;3.0;0.0
556;4.0;0.0
557;5.0;0.0
558;6.0;0.0
559;7.0;0.0
560;8.0;0.0
561;9.0;0.0
562;10.0;0.0
563;11.0;0.0
564;12.0;0.0
565;13.0;0.0
566;14.0;0.0
567;15.0;0.0
568;16.0;0.0
569;17.0;0.0
570;18.0;0.0
571;19.0;0.0
572;20.0;0.0
573;21.0;0.0
574;22.0;0.0
575;23.0;0.0
576;0.0;0.0
577;1.0;0.0
578;2.0;0.0
579;3.0;0.0
580;4.0;0.0
581;5.0;0.0
582;6.0;0.0
583;7.0;0.0
584;8.0;0.0
585;9.0;0.0
586;10.0;0.0
587;11.0;0.0
588;12.0;0.0
589;13.0;0.0
590;14.0;0.0
591;15.0;0.0
592;16.0;0.0
593;17.0;0.0
594;18.0;0.0
595;19.0;0.0
596;20.0;0.0
597;21.0;0.0
598;22.0;0.0
599;23.0;0.0
600;0.0;0.0
601;1.0;0.0
602;2.0;0.0
603;3.0;0.0
604;4.0;0.0
605;5.0;0.0
606;6.0;0.0
607;7.0;0.0
608;8.0;0.0
609;9.0;0.0
610;10.0;0.0
611;11.0;0.0
612;12.0;0.0
613;13.0;0.0
614;14.0;0.0
615;15.0;0.0
616;16.0;0.0
617;17.0;0.0
618;18.0;0.0
619;19.0;0.0
620;20.0;0.0
621;21.0;0.0
622;22.0;0.0
623;23.0;0.0
624;0.0;0.0
625;1.0;0.0
626;2.0;0.0
627;3.0;0.0
628;4.0;0.0
629;5.0;0.0
630;6.0;0.0
631;7.0;0.0
632;8.0;0.0
633;9.0;0.0
634;10.0;0.0
635;11.0;0.0
636;12.0;0.0
637;13.0;0.0
638;14.0;0.0
639;15.0;0.0
640;16.0;0.0
641;17.0;0.0
642;18.0;0.0
643;19.0;0.0
644;20.0;0.0
645;21.0;0.0
646;22.0;0.0
647;23.0;0.0
648;0.0;0.0
649;1.0;0.0
650;2.0;0.0
651;3.0;0.0
652;4.0;0.0
653;5.0;0.0
654;6.0;0.0
655;7.0;0.0
656;8.0;0.0
657;9.0;0.0
658;10.0;0.0
659;11.0;0.0
660;12.0;0.0
661;13.0;0.0
662;14.0;0.0
663;15.0;0.0
664;16.0;0.0
665;17.0;0.0
666;18.0;0.0
667;19.0;0.0
668;20.0;0.0
669;21.0;0.0
670;22.0;0.0
671;23.0;0.0
672;0.0;0.0
673;1.0;0.0
674;2.0;0.0
675;3.0;0.0
676;4.0;0.0
677;5.0;0.0
678;6.0;0.0
679;7.0;0.0
680;8.0;0.0
681;9.0;0.0
682;10.0;0.0
683;11.0;0.0
684;12.0;0.0
685;13.0;0.0
686;14.0;0.0
687;15.0;0.0
688;16.0;0.0
689;17.0;0.0
690;18.0;0.0
691;19.0;0.0
692;20.0;0.0
693;21.0;0.0
694;22.0;0.0
695;23.0;0.0
696;0.0;0.0
697;1.0;0.0
698;2.0;0.0
699;3.0;0.0
700;4.0;0.0
701;5.0;0.0
702;6.0;0.0
703;7.0;0.0
704;8.0;0.0
705;9.0;0.0
706;10.0;0.0
707;11.0;0.0
708;12.0;0.0
709;13.0;0.0
710;14.0;0.0
711;15.0;0.0
712;16.0;0.0
713;17.0;0.0
714;18.0;0.0
715;19.0;0.0
716;20.0;0.0
717;21.0;0.0
718;22.0;0.0
719;23.0;0.0
720;0.0;0.0
721;1.0;0.0
722;2.0;0.0
723;3.0;0.0
724;4.0;0.0
725;5.0;0.0
726;6.0;0.0
727;7.0;0.0
728;8.0;0.0
729;9.0;0.0
730;10.0;0.0
731;11.0;0.0
732;12.0;0.0
733;13.0;0.0
734;14.0;0.0
735;15.0;0.0
736;16.0;0.0
737;17.0;0.0
738;18.0;0.0
739;19.0;0.0
740;20.0;0.0
741;21.0;0.0
742;22.0;0.0
743;23.0;0.0
744;0.0;0.0
745;1.0;0.0
746;2.0;0.0
747;3.0;0.0
748;4.0;0.0
749;5.0;0.0
750;6.0;0.0
751;7.0;0.0
752;8.0;0.0
753;9.0;0.0
754;10.0;0.0
755;11.0;0.0
756;12.0;0.0
757;13.0;0.0
758;14.0;0.0
759;15.0;0.0
760;16.0;0.0
761;17.0;0.0
762;18.0;0.0
763;19.0;0.0
764;20.0;0.0
765;21.0;0.0
766;22.0;0.0
767;23.0;0.0
768;0.0;0.0
769;1.0;0.0
770;2.0;0.0
771;3.0;0.0
772;4.0;0.0
773;5.0;0.0
774;6.0;0.0
775;7.0;0.0
776;8.0;0.0
777;9.0;0.0
778;10.0;0.0
779;11.0;0.0
780;12.0;0.0
781;13.0;0.0
782;14.0;0.0
783;15.0;0.0
784;16.0;0.0
785;17.0;0.0
786;18.0;0.0
787;19.0;0.0
788;20.0;0.0
789;21.0;0.0
790;22.0;0.0
791;23.0;0.0
792;0.0;0.0
793;1.0;0.0
794;2.0;0.0
795;3.0;0.0
796;4.0;0.0
797;5.0;0.0
798;6.0;0.0
799;7.0;0.0
800;8.0;0.0
801;9.0;0.0
802;10.0;0.0
803;11.0;0.0
804;12.0;0.0
805;13.0;0.0
806;14.0;0.0
807;15.0;0.0
808;16.0;0.0
809;17.0;0.0
810;18.0;0.0
811;19.0;0.0
812;20.0;0.0
813;21.0;0.0
814;22.0;0.0
815;23.0;0.0
816;0.0;0.0
817;1.0;0.0
818;2.0;0.0
819;3.0;0.0
820;4.0;0.0
821;5.0;0.0
822;6.0;0.0
823;7.0;0.0
824;8.0;0.0
825;9.0;0.0
826;10.0;0.0
827;11.0;0.0
828;12.0;0.0
829;13.0;0.0
830;14.0;0.0
831;15.0;0.0
832;16.0;0.0
833;17.0;0.0
834;18.0;0.0
835;19.0;0.0
836;20.0;0.0
837;21.0;0.0
838;22.0;0.0
839;23.0;0.0
840;0.0;0.0
841;1.0;0.0
842;2.0;0.0
843;3.0;0.0
844;4.0;0.0
845;5.0;0.0
846;6.0;0.0
847;7.0;0.0
848;8.0;0.0
849;9.0;0.0
850;10.0;0.0
851;11.0;0.0
852;12.0;0.0
853;13.0;0.0
854;14.0;0.0
855;15.0;0.0
856;16.0;0.0
857;17.0;0.0
858;18.0;0.0
859;19.0;0.0
860;20.0;0.0
861;21.0;0.0
862;22.0;0.0
863;23.0;0.0
864;0.0;0.0
865;1.0;0.0
866;2.0;0.0
867;3.0;0.0
868;4.0;0.0
869;5.0;0.0
870;6.0;0.0
871;7.0;0.0
872;8.0;0.0
873;9.0;0.0
874;10.0;0.0
875;11.0;0.0
876;12.0;0.0
877;13.0;0.0
878;14.0;0.0
879;15.0;0.0
880;16.0;0.0
881;17.0;0.0
882;18.0;0.0
883;19.0;0.0
884;20.0;0.0
885;21.0;0.0
886;22.0;0.0
887;23.0;0.0
888;0.0;0.0
889;1.0;0.0
890;2.0;0.0
891;3.0;0.0
892;4.0;0.0
893;5.0;0.0
894;6.0;0.0
895;7.0;0.0
896;8.0;0.0
897;9.0;0.0
898;10.0;0.0
899;11.0;0.0
900;12.0;0.0
901;13.0;0.0
902;14.0;0.0
903;15.0;0.0
904;16.0;0.0
905;17.0;0.0
906;18.0;0.0
907;19.0;0.0
908;20.0;0.0
909;21.0;0.0
910;22.0;0.0
911;23.0;0.0
912;0.0;0.0
913;1.0;0.0
914;2.0;0.0
915;3.0;0.0
916;4.0;0.0
917;5.0;0.0
918;6.0;0.0
919;7.0;0.0
920;8.0;0.0
921;9.0;0.0
922;10.0;0.0
923;11.0;0.0
924;12.0;0.0
925;13.0;0.0
926;14.0;0.0
927;15.0;0.0
928;16.0;0.0
929;17.0;0.0
930;18.0;0.0
931;19.0;0.0
932;20.0;0.0
933;21.0;0.0
934;22.0;0.0
935;23.0;0.0
936;0.0;0.0
937;1.0;0.0
938;2.0;0.0
939;3.0;0.0
940;4.0;0.0
941;5.0;0.0
942;6.0;0.0
943;7.0;0.0
944;8.0;0.0
945;9.0;0.0
946;10.0;0.0
947;11.0;0.0
948;12.0;0.0
949;13.0;0.0
950;14.0;0.0
951;15.0;0.0
952;16.0;0.0
953;17.0;0.0
954;18.0;0.0
955;19.0;0.0
956;20.0;0.0
957;21.0;0.0
958;22.0;0.0
959;23.0;0.0
960;0.0;0.0
961;1.0;0.0
962;2.0;0.0
963;3.0;0.0
964;4.0;0.0
965;5.0;0.0
966;6.0;0.0
967;7.0;0.0
968;8.0;0.0
969;9.0;0.0
970;10.0;0.0
971;11.0;0.0
972;12.0;0.0
973;13.0;0.0
974;14.0;0.0
975;15.0;0.0
976;16.0;0.0
977;17.0;0.0
978;18.0;0.0
979;19.0;0.0
980;20.0;0.0
981;21.0;0.0
982;22.0;0.0
983;23.0;0.0
984;0.0;0.0
985;1.0;0.0
986;2.0;0.0
987;3.0;0.0
988;4.0;0.0
989;5.0;0.0
990;6.0;0.0
991;7.0;0.0
992;8.0;0.0
993;9.0;0.0
994;10.0;0.0
995;11.0;0.0
996;12.0;0.0
997;13.0;0.0
998;14.0;0.0
999;15.0;0.0
1000;16.0;0.0
1001;17.0;0.0
1002;18.0;0.0
1003;19.0;0.0
1004;20.0;0.0
1005;21.0;0.0
1006;22.0;0.0
1007;23.0;0.0
1008;0.0;0.0
1009;1.0;0.0
1010;2.0;0.0
1011;3.0;0.0
1012;4.0;0.0
1013;5.0;0.0
1014;6.0;0.0
1015;7.0;0.0
1016;8.0;0.0
1017;9.0;0.0
1018;10.0;0.0
1019;11.0;0.0
1020;12.0;0.0
1021;13.0;0.0
1022;14.0;0.0
1023;15.0;0.0
1024;16.0;0.0
1025;17.0;0.0
1026;18.0;0.0
1027;19.0;0.0
1028;20.0;0.0
1029;21.0;0.0
1030;22.0;0.0
1031;23.0;0.0
1032;0.0;0.0
1033;1.0;0.0
1034;2.0;0.0
1035;3.0;0.0
1036;4.0;0.0
1037;5.0;0.0
1038;6.0;0.0
1039;7.0;0.0
1040;8.0;0.0
1041;9.0;0.0
1042;10.0;0.0
1043;11.0;0.0
1044;12.0;0.0
1045;13.0;0.0
1046;14.0;0.0
1047;15.0;0.0
1048;16.0;0.0
1049;17.0;0.0
1050;18.0;0.0
1051;19.0;0.0
1052;20.0;0.0
1053;21.0;0.0
1054;22.0;0.0
1055;23.0;0.0
1056;0.0;0.0
1057;1.0;0.0
1058;2.0;0.0
1059;3.0;0.0
1060;4.0;0.0
1061;5.0;0.0
1062;6.0;0.0
1063;7.0;0.0
1064;8.0;0.0
1065;9.0;0.0
1066;10.0;0.0
1067;11.0;0.0
1068;12.0;0.0
1069;13.0;0.0
1070;14.0;0.0
1071;15.0;0.0
1072;16.0;0.0
1073;17.0;0.0
1074;18.0;0.0
1075;19.0;0.0
1076;20.0;0.0
1077;21.0;0.0
1078;22.0;0.0
1079;23.0;0.0
1080;0.0;0.0
1081;1.0;0.0
1082;2.0;0.0
1083;3.0;0.0
1084;4.0;0.0
1085;5.0;0.0
1086;6.0;0.0
1087;7.0;0.0
1088;8.0;0.0
1089;9.0;0.0
1090;10.0;0.0
1091;11.0;0.0
1092;12.0;0.0
1093;13.0;0.0
1094;14.0;0.0
1095;15.0;0.0
1096;16.0;0.0
1097;17.0;0.0
1098;18.0;0.0
1099;19.0;0.0
1100;20.0;0.0
1101;21.0;0.0
1102;22.0;0.0
1103;23.0;0.0
1104;0.0;0.0
1105;1.0;0.0
1106;2.0;0.0
1107;3.0;0.0
1108;4.0;0.0
1109;5.0;0.0
1110;6.0;0.0
1111;7.0;0.0
1112;8.0;0.0
1113;9.0;0.0
1114;10.0;0.0
1115;11.0;0.0
1116;12.0;0.0
1117;13.0;0.0
1118;14.0;0.0
1119;15.0;0.0
1120;16.0;0.0
1121;17.0;0.0
1122;18.0;0.0
1123;19.0;0.0
1124;20.0;0.0
1125;21.0;0.0
1126;22.0;0.0
1127;23.0;0.0
1128;0.0;0.0
1129;1.0;0.0
1130;2.0;0.0
1131;3.0;0.0
1132;4.0;0.0
1133;5.0;0.0
1134;6.0;0.0
1135;7.0;0.0
1136;8.0;0.0
1137;9.0;0.0
1138;10.0;0.0
1139;11.0;0.0
1140;12.0;0.0
1141;13.0;0.0
1142;14.0;0.0
1143;15.0;0.0
1144;16.0;0.0
1145;17.0;0.0
1146;18.0;0.0
1147;19.0;0.0
1148;20.0;0.0
1149;21.0;0.0
1150;22.0;0.0
1151;23.0;0.0
1152;0.0;0.0
1153;1.0;0.0
1154;2.0;0.0
1155;3.0;0.0
1156;4.0;0.0
1157;5.0;0.0
1158;6.0;0.0
1159;7.0;0.0
1160;8.0;0.0
1161;9.0;0.0
1162;10.0;0.0
1163;11.0;0.0
1164;12.0;0.0
1165;13.0;0.0
1166;14.0;0.0
1167;15.0;0.0
1168;16.0;0.0
1169;17.0;0.0
1170;18.0;0.0
1171;19.0;0.0
1172;20.0;0.0
1173;21.0;0.0
1174;22.0;0.0
1175;23.0;0.0
1176;0.0;0.0
1177;1.0;0.0
1178;2.0;0.0
1179;3.0;0.0
1180;4.0;0.0
1181;5.0;0.0
1182;6.0;0.0
1183;7.0;0.0
1184;8.0;0.0
1185;9.0;0.0
1186;10.0;0.0
1187;11.0;0.0
1188;12.0;0.0
1189;13.0;0.0
1190;14.0;0.0
1191;15.0;0.0
1192;16.0;0.0
1193;17.0;0.0
1194;18.0;0.0
1195;19.0;0.0
1196;20.0;0.0
1197;21.0;0.0
1198;22.0;0.0
1199;23.0;0.0
1200;0.0;0.0
1201;1.0;0.0
1202;2.0;0.0
1203;3.0;0.0
1204;4.0;0.0
1205;5.0;0.0
1206;6.0;0.0
1207;7.0;0.0
1208;8.0;0.0
1209;9.0;0.0
1210;10.0;0.0
1211;11.0;0.0
1212;12.0;0.0
1213;13.0;0.0
1214;14.0;0.0
1215;15.0;0.0
1216;16.0;0.0
1217;17.0;0.0
1218;18.0;0.0
1219;19.0;0.0
1220;20.0;0.0
1221;21.0;0.0
1222;22.0;0.0
1223;23.0;0.0
1224;0.0;0.0
1225;1.0;0.0
1226;2.0;0.0
1227;3.0;0.0
1228;4.0;0.0
1229;5.0;0.0
1230;6.0;0.0
1231;7.0;0.0
1232;8.0;0.0
1233;9.0;0.0
1234;10.0;0.0
1235;11.0;0.0
1236;12.0;0.0
1237;13.0;0.0
1238;14.0;0.0
1239;15.0;0.0
1240;16.0;0.0
1241;17.0;0.0
1242;18.0;0.0
1243;19.0;0.0
1244;20.0;0.0
1245;21.0;0.0
1246;22.0;0.0
1247;23.0;0.0
1248;0.0;0.0
1249;1.0;0.0
1250;2.0;0.0
1251;3.0;0.0
1252;4.0;0.0
1253;5.0;0.0
1254;6.0;0.0
1255;7.0;0.0
1256;8.0;0.0
1257;9.0;0.0
1258;10.0;0.0
1259;11.0;0.0
1260;12.0;0.0
1261;13.0;0.0
1262;14.0;0.0
1263;15.0;0.0
1264;16.0;0.0
1265;17.0;0.0
1266;18.0;0.0
1267;19.0;0.0
1268;20.0;0.0
1269;21.0;0.0
1270;22.0;0.0
1271;23.0;0.0
1272;0.0;0.0
1273;1.0;0.0
1274;2.0;0.0
1275;3.0;0.0
1276;4.0;0.0
1277;5.0;0.0
1278;6.0;0.0
1279;7.0;0.0
1280;8.0;0.0
1281;9.0;0.0
1282;10.0;0.0
1283;11.0;0.0
1284;12.0;0.0
1285;13.0;0.0
1286;14.0;0.0
1287;15.0;0.0
1288;16.0;0.0
1289;17.0;0.0
1290;18.0;0.0
1291;19.0;0.0
1292;20.0;0.0
1293;21.0;0.0
1294;22.0;0.0
1295;23.0;0.0
1296;0.0;0.0
1297;1.0;0.0
1298;2.0;0.0
1299;3.0;0.0
1300;4.0;0.0
1301;5.0;0.0
1302;6.0;0.0
1303;7.0;0.0
1304;8.0;0.0
1305;9.0;0.0
1306;10.0;0.0
1307;11.0;0.0
1308;12.0;0.0
1309;13.0;0.0
1310;14.0;0.0
1311;15.0;0.0
1312;16.0;0.0
1313;17.0;0.0
1314;18.0;0.0
1315;19.0;0.0
1316;20.0;0.0
1317;21.0;0.0
1318;22.0;0.0
1319;23.0;0.0
1320;0.0;0.0
1321;1.0;0.0
1322;2.0;0.0
1323;3.0;0.0
1324;4.0;0.0
1325;5.0;0.0
1326;6.0;0.0
1327;7.0;0.0
1328;8.0;0.0
1329;9.0;0.0
1330;10.0;0.0
1331;11.0;0.0
1332;12.0;0.0
1333;13.0;0.0
1334;14.0;0.0
1335;15.0;0.0
1336;16.0;0.0
1337;17.0;0.0
1338;18.0;0.0
1339;19.0;0.0
1340;20.0;0.0
1341;21.0;0.0
1342;22.0;0.0
1343;23.0;0.0
1344;0.0;0.0
1345;1.0;0.0
1346;2.0;0.0
1347;3.0;0.0
1348;4.0;0.0
1349;5.0;0.0
1350;6.0;0.0
1351;7.0;0.0
1352;8.0;0.0
1353;9.0;0.0
1354;10.0;0.0
1355;11.0;0.0
1356;12.0;0.0
1357;13.0;0.0
1358;14.0;0.0
1359;15.0;0.0
1360;16.0;0.0
1361;17.0;0.0
1362;18.0;0.0
1363;19.0;0.0
1364;20.0;0.0
1365;21.0;0.0
1366;22.0;0.0
1367;23.0;0.0
1368;0.0;0.0
1369;1.0;0.0
1370;2.0;0.0
1371;3.0;0.0
1372;4.0;0.0
1373;5.0;0.0
1374;6.0;0.0
1375;7.0;0.0
1376;8.0;0.0
1377;9.0;0.0
1378;10.0;0.0
1379;11.0;0.0
1380;12.0;0.0
1381;13.0;0.0
1382;14.0;0.0
1383;15.0;0.0
1384;16.0;0.0
1385;17.0;0.0
1386;18.0;0.0
1387;19.0;0.0
1388;20.0;0.0
1389;21.0;0.0
1390;22.0;0.0
1391;23.0;0.0
1392;0.0;0.0
1393;1.0;0.0
1394;2.0;0.0
1395;3.0;0.0
1396;4.0;0.0
1397;5.0;0.0
1398;6.0;0.0
1399;7.0;0.0
1400;8.0;0.0
1401;9.0;0.0
1402;10.0;0.0
1403;11.0;0.0
1404;12.0;0.0
1405;13.0;0.0
1406;14.0;0.0
1407;15.0;0.0
1408;16.0;0.0
1409;17.0;0.0
1410;18.0;0.0
1411;19.0;0.0
1412;20.0;0.0
1413;21.0;0.0
1414;22.0;0.0
1415;23.0;0.0
1416;0.0;0.0
1417;1.0;0.0
1418;2.0;0.0
1419;3.0;0.0
1420;4.0;0.0
1421;5.0;0.0
1422;6.0;0.0
1423;7.0;0.0
1424;8.0;0.0
1425;9.0;0.0
1426;10.0;0.0
1427;11.0;0.0
1428;12.0;0.0
1429;13.0;0.0
1430;14.0;0.0
1431;15.0;0.0
1432;16.0;0.0
1433;17.0;0.0
1434;18.0;0.0
1435;19.0;0.0
1436;20.0;0.0
1437;21.0;0.0
1438;22.0;0.0
1439;23.0;0.0
1440;0.0;0.0
1441;1.0;0.0
1442;2.0;0.0
1443;3.0;0.0
1444;4.0;0.0
1445;5.0;0.0
1446;6.0;0.0
1447;7.0;0.0
1448;8.0;0.0
1449;9.0;0.0
1450;10.0;0.0
1451;11.0;0.0
1452;12.0;0.0
1453;13.0;0.0
1454;14.0;0.0
1455;15.0;0.0
1456;16.0;0.0
1457;17.0;0.0
1458;18.0;0.0
1459;19.0;0.0
1460;20.0;0.0
1461;21.0;0.0
1462;22.0;0.0
1463;23.0;0.0
1464;0.0;0.0
1465;1.0;0.0
1466;2.0;0.0
1467;3.0;0.0
1468;4.0;0.0
1469;5.0;0.0
1470;6.0;0.0
1471;7.0;0.0
1472;8.0;0.0
1473;9.0;0.0
1474;10.0;0.0
1475;11.0;0.0
1476;12.0;0.0
1477;13.0;0.0
1478;14.0;0.0
1479;15.0;0.0
1480;16.0;0.0
1481;17.0;0.0
1482;18.0;0.0
1483;19.0;0.0
1484;20.0;0.0
1485;21.0;0.0
1486;22.0;0.0
1487;23.0;0.0
1488;0.0;0.0
1489;1.0;0.0
1490;2.0;0.0
1491;3.0;0.0
1492;4.0;0.0
1493;5.0;0.0
1494;6.0;0.0
1495;7.0;0.0
1496;8.0;0.0
1497;9.0;0.0
1498;10.0;0.0
1499;11.0;0.0
1500;12.0;0.0
1501;13.0;0.0
1502;14.0;0.0
1503;15.0;0.0
1504;16.0;0.0
1505;17.0;0.0
1506;18.0;0.0
1507;19.0;0.0
1508;20.0;0.0
1509;21.0;0.0
1510;22.0;0.0
1511;23.0;0.0
1512;0.0;0.0
1513;1.0;0.0
1514;2.0;0.0
1515;3.0;0.0
1516;4.0;0.0
1517;5.0;0.0
1518;6.0;0.0
1519;7.0;0.0
1520;8.0;0.0
1521;9.0;0.0
1522;10.0;0.0
1523;11.0;0.0
1524;12.0;0.0
1525;13.0;0.0
1526;14.0;0.0
1527;15.0;0.0
1528;16.0;0.0
1529;17.0;0.0
1530;18.0;0.0
1531;19.0;0.0
1532;20.0;0.0
1533;21.0;0.0
1534;22.0;0.0
1535;23.0;0.0
1536;0.0;0.0
1537;1.0;0.0
1538;2.0;0.0
1539;3.0;0.0
1540;4.0;0.0
1541;5.0;0.0
1542;6.0;0.0
1543;7.0;0.0
1544;8.0;0.0
1545;9.0;0.0
1546;10.0;0.0
1547;11.0;0.0
1548;12.0;0.0
1549;13.0;0.0
1550;14.0;0.0
1551;15.0;0.0
1552;16.0;0.0
1553;17.0;0.0
1554;18.0;0.0
1555;19.0;0.0
1556;20.0;0.0
1557;21.0;0.0
1558;22.0;0.0
1559;23.0;0.0
1560;0.0;0.0
1561;1.0;0.0
1562;2.0;0.0
1563;3.0;0.0
1564;4.0;0.0
1565;5.0;0.0
1566;6.0;0.0
1567;7.0;0.0
1568;8.0;0.0
1569;9.0;0.0
1570;10.0;0.0
1571;11.0;0.0
1572;12.0;0.0
1573;13.0;0.0
1574;14.0;0.0
1575;15.0;0.0
1576;16.0;0.0
1577;17.0;0.0
1578;18.0;0.0
1579;19.0;0.0
1580;20.0;0.0
1581;21.0;0.0
1582;22.0;0.0
1583;23.0;0.0
1584;0.0;0.0
1585;1.0;0.0
1586;2.0;0.0
1587;3.0;0.0
1588;4.0;0.0
1589;5.0;0.0
1590;6.0;0.0
1591;7.0;0.0
1592;8.0;0.0
1593;9.0;0.0
1594;10.0;0.0
1595;11.0;0.0
1596;12.0;0.0
1597;13.0;0.0
1598;14.0;0.0
1599;15.0;0.0
1600;16.0;0.0
1601;17.0;0.0
1602;18.0;0.0
1603;19.0;0.0
1604;20.0;0.0
1605;21.0;0.0
1606;22.0;0.0
1607;23.0;0.0
