;0;1;2;3;4;5;6;7;8;9;10;11;12;13;14;15;16;17;18;19;20;21;22;23;24;25;26;27;28;29;30;31;32;33;34;35;36;37;38;39;40;41;42;43;44;45;46;47;48;49;50;51;52;53;54;55;56;57;58;59;60;61;62;63;64;65;66
0;0.0;0.6801416666666652;0.6781666666666654;0.672466666666666;0.6713624999999994;0.2708333333333328;-0.5416666666666666;1.2853458333333294;0.6364583333333321;0.9330083333333316;-0.041666666666666664;2.5525208333333276;0.0;0.3461458333333319;3.1812333333333265;0.4264583333333323;1.1341291666666657;0.02159583333333274;-0.5416666666666666;0.5961416666666652;0.42663749999999895;2.1621166666666625;0.25696666666666584;0.6521749999999987;0.13124999999999934;0.7020124999999989;-0.028945833333333854;-0.02925000000000048;-0.27805000000000074;-0.028316666666667174;0.5161666666666657;-0.32097916666666726;-0.15305833333333396;-0.7416666666666668;1.870174999999996;1.7444208333333293;0.3394374999999994;0.2969374999999994;0.6516083333333321;0.17302916666666598;0.07017083333333285;-0.028762500000000506;0.5171291666666655;-0.028729166666667177;0.6419208333333325;-0.4469125000000005;-0.15430416666666713;-0.02847500000000051;-0.029320833333333723;0.6001083333333324;-0.02955416666666703;-0.11122500000000064;0.30979583333333194;0.5604791666666655;-0.028079166666667283;-0.029629166666667078;-0.111120833333334;-0.030383333333333613;-0.15269166666666736;1.0183041666666657;-0.07006250000000047;-0.02942500000000044;-0.029587500000000433;-0.0708291666666671;-0.029233333333333777;-0.0300250000000003;-0.40428750000000063
1;0.4452416666666661;0.2936583333333322;-0.4416666666666667;0.5983666666666663;-0.041666666666666664;0.5912499999999998;-0.041666666666666664;-0.07258333333333455;0.47229999999999855;0.30594166666666606;0.2465458333333327;0.18884583333333263;0.17039166666666627;0.0722999999999993;-0.0625958333333347;-0.029850000000000338;-0.03007916666666699;-0.07051666666666719;-0.10648333333333448;-0.06074166666666821;-0.065737500000001;-0.061516666666668184;-0.7000000000000001;0.6371541666666652;0.5951874999999988;0.4374666666666665;-0.30000000000000004;0.6793666666666652;0.0;0.6376374999999986;0.6753333333333323;0.3938499999999998;0.3354208333333326;0.2358333333333321;0.13449583333333226;0.03373333333333228;-0.06189166666666812;-0.06927083333333402;-0.07030000000000051;-0.029879166666667012;-0.7416666666666668;0.6760708333333323;0.681066666666665;0.39348333333333313;-0.30000000000000004;0.6388416666666652;0.678033333333332;0.4364291666666664;0.3397166666666651;0.23535833333333214;0.17016249999999963;0.07136666666666606;-0.10815000000000104;-0.7000000000000001;0.6335541666666664;0.6810083333333318;-0.2416666666666667;0.6371291666666662;0.5970791666666663;0.39192083333333266;0.3332624999999991;0.23814166666666517;0.13868333333333183;0.034449999999998836;-0.06355000000000129;-0.029737500000000378;-0.06513333333333449
2;0.640187499999999;0.5982291666666661;0.6772666666666655;1.3149374999999988;-0.4416666666666667;0.681591666666665;1.3218666666666647;0.9430166666666647;0.4340333333333315;4.743245833333327;3.3319833333333286;7.265241666666658;2.5366541666666635;1.5724083333333307;4.725987499999995;1.156449999999997;2.8341374999999958;4.178462499999995;2.5840083333333292;0.6505374999999979;4.053974999999995;5.4391916666666615;2.584433333333329;4.261845833333329;4.178616666666661;2.7925833333333294;0.5254083333333314;4.136958333333328;3.298049999999995;1.1977083333333307;4.261970833333328;4.2202541666666615;4.934083333333327;1.3641416666666641;5.606495833333327;6.195745833333326;0.4420666666666646;2.0786958333333296;4.095137499999995;4.934349999999994;-0.06383750000000128;0.6085541666666647;4.011995833333328;4.053858333333328;2.078424999999997;4.892762499999994;4.934083333333327;1.3643624999999975;-0.021983333333334798;4.0955374999999945;2.036641666666663;5.773170833333327;4.262041666666661;2.7923666666666627;1.4476541666666638;1.4893833333333308;2.709087499999996;0.6920958333333314;4.345337499999995;4.975954166666662;4.345858333333328;1.4892041666666642;1.5310458333333303;3.4646083333333295;5.648495833333327;3.6314999999999955;4.976266666666661
3;0.0;0.6806708333333318;0.6785999999999986;0.6744041666666658;-0.041666666666666664;0.6805999999999984;0.6751958333333324;0.5552708333333318;0.5492791666666658;0.06436249999999928;-0.5416666666666666;1.0620124999999978;0.0;0.3484124999999984;1.7462166666666625;0.42615416666666556;0.37992916666666615;0.02104166666666611;0.1702291666666663;0.03039166666666593;-0.15491666666666712;0.3932541666666654;-0.11130000000000066;-0.19634166666666716;-0.15272916666666728;-0.029991666666666972;-0.7416666666666668;0.38282083333333244;0.34194999999999903;0.3000416666666658;0.9678541666666657;0.6544124999999986;0.12842499999999965;0.07074166666666604;-0.029233333333333777;-0.3217833333333338;-0.02836250000000055;-0.11215833333333387;1.776524999999998;-0.15411666666666723;-0.7000000000000001;0.42872083333333205;1.0235333333333307;0.29926666666666585;0.29994999999999905;0.5693708333333322;0.12996249999999945;0.07235416666666598;-0.029150000000000415;-0.11337916666666703;-0.028491666666667137;0.5992124999999989;1.020366666666665;-0.11334583333333377;-0.028870833333333883;-0.02952500000000043;-0.07075833333333377;-0.02940833333333374;-0.07103750000000042;-0.44459583333333397;-0.07075833333333381;-0.030550000000000337;-0.030195833333333682;-0.11262083333333377;-0.030437500000000377;-0.02957500000000039;0.9800791666666652
4;0.44412083333333285;0.29668749999999905;-0.4416666666666667;0.5934208333333334;0.6778208333333321;0.39120416666666635;-0.34166666666666673;0.6484249999999974;0.4291749999999987;0.3096958333333322;0.2495333333333323;0.1889416666666659;0.17054583333333287;0.07059999999999955;-0.061495833333334894;-0.07156250000000038;0.6409791666666659;-0.1471291666666681;-0.7000000000000001;0.6758499999999991;0.675724999999999;0.4391124999999996;-0.30000000000000004;0.6331833333333324;0.5937333333333322;0.35578333333333273;-0.30000000000000004;0.6790791666666652;0.0;0.6344124999999989;0.675387499999999;-0.2416666666666667;0.6761166666666657;0.6386874999999997;0.43561249999999957;0.3397708333333325;0.2734666666666658;0.17334583333333256;0.030366666666665987;-0.07194583333333371;-0.06500833333333449;-0.7000000000000001;0.6358041666666662;0.5969666666666651;0.4398041666666663;0.3335916666666656;0.2367791666666652;0.1384124999999985;0.03282916666666565;-0.7000000000000001;0.6793541666666653;0.6338458333333324;-0.2416666666666667;0.6766041666666656;0.6811874999999984;0.47377499999999934;-0.30000000000000004;0.6329458333333324;0.6813083333333317;0.39436249999999945;-0.30000000000000004;0.0;0.6392458333333332;0.6762916666666655;0.4367083333333328;0.3360208333333321;0.23174166666666576
5;0.6400583333333331;0.5987083333333331;0.19807083333333164;0.17334583333333256;0.07275833333333259;-0.10165000000000184;-0.02770416666666727;-0.4349250000000018;-0.8250000000000002;3.283604166666658;1.1547958333333301;1.9070833333333297;0.8088499999999982;2.936616666666662;3.5053458333333283;0.5432833333333312;4.262204166666662;2.0366374999999963;5.440212499999994;5.648741666666662;1.1976041666666641;2.5842208333333296;0.4421041666666645;4.261733333333328;5.60659166666666;2.7921749999999963;1.9119333333333302;4.136704166666661;5.4402499999999945;1.2392124999999974;1.4058583333333308;2.792133333333329;3.547841666666662;4.220195833333329;0.6088166666666646;3.339612499999996;1.1560249999999972;0.6503041666666647;4.095549999999995;4.219929166666662;2.0784291666666634;1.322779166666664;5.440024999999994;4.767491666666661;4.934779166666661;1.3227333333333309;2.07844583333333;-0.0636458333333348;0.6919583333333312;2.667466666666663;1.281041666666664;4.303174999999995;4.9761458333333275;4.220320833333328;5.018324999999995;0.061308333333331966;1.2806499999999974;2.16177083333333;5.058887499999995;7.117845833333327;1.489004166666664;0.7750083333333313;5.0597374999999944;2.750587499999996;3.548379166666662;3.6312333333333284;4.976320833333328
6;0.0;0.675687499999999;0.6811583333333316;0.6754541666666657;0.6747208333333324;0.2727166666666659;0.17259166666666603;-0.13329166666666778;-0.1139208333333337;-0.4036166666666674;-0.7416666666666668;0.38970833333333177;0.0;1.7850291666666627;1.0268624999999971;0.42504583333333246;1.8490249999999981;0.023291666666665895;-0.5416666666666666;1.315541666666664;0.467574999999999;0.7250958333333314;1.6827624999999984;-0.06052500000000075;0.12997083333333279;-0.052175000000000714;-0.7416666666666668;0.3449833333333321;1.1077499999999973;0.25906249999999903;1.0130874999999986;-0.10429166666666718;0.13025416666666612;0.07215416666666585;-0.02846250000000054;-0.27768333333333417;-0.11212083333333396;-0.11356666666666704;0.4321541666666658;0.5603583333333322;-0.7000000000000001;0.30386666666666534;0.3007958333333323;1.0577833333333315;0.29983333333333234;0.5271083333333322;0.08889166666666608;0.07003333333333288;-0.027812500000000573;-0.153045833333334;-0.02804583333333388;-0.11196250000000056;0.26614583333333236;-0.11160000000000052;-0.02752500000000065;-0.0299333333333337;-0.07186250000000032;-0.02901250000000044;-0.07014166666666725;-0.4051666666666672;-0.06927500000000068;-0.029945833333333744;-0.028466666666667195;-0.0698375000000006;-0.029566666666667074;-0.02934166666666708;0.9785124999999986
7;0.6385624999999998;0.39526249999999935;0.2980708333333321;0.1935458333333322;0.09224583333333236;-0.0031500000000015036;-0.10450416666666813;-0.7796125000000006;-0.11145000000000067;-0.23662916666666725;-0.19669166666666707;-0.07082916666666712;-0.03040833333333363;-0.028954166666667096;-0.06217916666666812;-0.029270833333333763;-0.7416666666666668;0.5541791666666653;0.6335874999999991;0.35265416666666605;0.3392291666666655;0.23748333333333202;0.17243749999999936;0.07232499999999924;-0.10896250000000092;-0.07065833333333389;-0.06526250000000107;-0.7000000000000001;0.6385291666666665;0.6388583333333319;-0.20000000000000004;0.634512499999999;0.6383749999999986;0.4396124999999996;0.33363749999999914;-0.4000000000000001;0.6774458333333322;0.6757791666666657;0.43032916666666615;0.3356124999999989;0.23317083333333244;0.17020416666666627;0.03877916666666503;-0.028479166666667166;-0.14956666666666774;-0.0710666666666671;-0.06395833333333456;-0.10350416666666817;-0.061520833333334836;-0.7000000000000001;0.6368749999999986;0.6809916666666651;0.3949124999999994;-0.30000000000000004;0.6370124999999994;0.6331749999999992;0.43479999999999935;-0.30000000000000004;0.6813124999999984;0.6394541666666651;0.43943749999999965;0.33523749999999897;0.19232083333333225;-0.5;0.6357541666666662;0.6751666666666658;0.3953416666666664
8;0.6404874999999995;0.5980249999999994;0.6772458333333322;0.6754666666666657;0.2741291666666657;-0.5416666666666666;0.598833333333333;0.3068124999999986;0.38987499999999903;5.869679166666658;1.2893083333333308;2.110274999999997;2.686933333333329;0.8582291666666647;4.7265916666666605;-0.23022083333333473;2.833966666666663;3.506524999999996;3.2981083333333294;2.0782541666666634;3.3394458333333286;6.1537958333333265;0.4836958333333314;4.975899999999995;4.178470833333328;3.5067291666666627;0.48361666666666475;1.9536208333333303;4.012637499999994;0.4836958333333314;3.547645833333329;3.5067166666666623;6.36205416666666;1.364316666666664;5.606820833333328;5.482045833333327;1.86999583333333;5.648254166666661;1.953679166666663;5.648558333333327;4.934387499999994;5.606712499999993;4.012020833333328;3.3398458333333294;6.362512499999994;6.3202041666666595;6.362395833333326;1.3644749999999977;0.6503583333333315;4.095345833333329;1.281241666666664;2.875654166666663;7.117833333333326;2.7926583333333297;1.4477083333333305;1.489216666666664;2.709174999999996;2.1618416666666636;4.345645833333328;4.9765416666666615;2.917691666666663;4.345216666666661;7.20069166666666;2.036829166666663;1.405887499999997;3.6315166666666623;4.261879166666662
9;0.0;0.6807999999999984;-0.041666666666666664;-0.041666666666666664;0.6792416666666653;0.679783333333332;0.6737416666666659;0.5141999999999984;0.23068749999999935;-0.16129166666666728;-0.6000000000000001;0.38395416666666565;0.0;0.34484583333333213;0.2614083333333321;1.1421374999999983;1.0964249999999984;0.020599999999999508;0.13107916666666597;-0.6416666666666667;0.34193749999999906;1.0598833333333313;0.8923208333333315;0.21449166666666594;1.2854041666666647;0.17085416666666622;0.07236249999999929;-0.028912500000000525;-0.19703750000000042;-0.027845833333333903;-0.19710000000000036;0.39138749999999894;0.5586708333333323;-0.03000000000000036;-0.029179166666667162;0.4313416666666658;-0.07055833333333379;-0.15275000000000064;0.39322499999999866;0.5578333333333324;-0.7000000000000001;0.3437249999999989;0.3058374999999985;0.3409249999999992;0.3386208333333327;-0.10437083333333382;0.12914583333333285;0.03019166666666595;-0.029466666666667012;0.5564499999999993;-0.07097083333333383;-0.1549208333333337;-0.40368333333333406;-0.15292083333333392;-0.028454166666667224;-0.029050000000000426;-0.1119041666666672;-0.029908333333333686;-0.0697416666666673;-0.40453333333333386;-0.06950833333333391;-0.028733333333333833;-0.028604166666667246;-0.07205833333333363;-0.028195833333333902;-0.07200000000000033;0.938891666666665
10;0.6383416666666665;0.3919499999999994;0.2962541666666659;0.19418333333333213;-0.5416666666666666;-0.041666666666666664;0.597595833333333;-0.07004166666666818;0.3481708333333327;-0.08606666666666747;0.10674583333333261;0.1313458333333326;0.06998333333333284;-0.029745833333333693;-0.06758750000000084;-0.028462500000000463;-0.02967083333333372;-0.06628333333333425;-0.06685416666666759;-0.06010000000000163;-0.10169583333333505;-0.7000000000000001;0.6354166666666655;0.6330499999999991;0.393783333333333;0.2912916666666658;0.19564583333333196;0.17186666666666608;0.03969583333333149;-0.029379166666667067;-0.061412500000001535;-0.07058333333333384;-0.06989583333333389;-0.7000000000000001;0.6329374999999998;0.6372916666666661;0.433795833333333;0.3357458333333326;0.22940416666666605;0.1709541666666662;0.034424999999998894;-0.7000000000000001;0.6368833333333329;0.6356208333333321;0.392195833333333;0.33256249999999904;0.2338416666666656;0.14000416666666501;-0.6000000000000001;0.6354916666666663;0.6759833333333324;0.4339458333333331;-0.34166666666666673;0.6781041666666655;0.6765916666666656;0.436816666666666;-0.30000000000000004;0.6352833333333329;0.6805583333333317;-0.2416666666666667;0.6770916666666654;0.6747208333333324;0.4392374999999995;0.3374958333333322;-0.4000000000000001;0.6746416666666658;0.6380624999999985
11;0.0;0.598345833333333;0.6816833333333318;0.5987291666666663;0.6750666666666657;0.1982874999999983;-0.5416666666666666;0.2650374999999991;0.4731249999999996;3.729662499999993;1.1007708333333315;2.0467749999999967;-0.8333333333333334;0.140204166666665;1.1707833333333284;3.313699999999993;1.359337499999997;2.179333333333329;1.3599666666666639;2.728099999999996;-0.23046250000000135;1.8700291666666633;1.8698249999999967;2.8341041666666626;3.506233333333329;6.362499999999993;0.483837499999998;-0.9027625000000007;4.725870833333328;3.3400583333333294;2.8338958333333295;2.792362499999996;2.792391666666663;1.4060374999999974;-0.1054375000000013;-0.23032500000000136;3.298087499999996;2.7920791666666633;2.6672541666666625;2.0785166666666632;2.07788333333333;1.3224208333333307;3.2986499999999954;0.48348749999999807;4.975599999999994;2.750408333333329;1.3643166666666644;0.6503666666666647;3.589458333333329;4.809687499999995;-0.14704166666666807;1.4478916666666641;4.975737499999995;3.5064208333333293;1.4893333333333307;0.061441666666665284;3.4225749999999953;1.4059333333333306;1.4889749999999973;3.5481041666666626;5.059041666666661;1.4890583333333307;0.06106666666666527;3.4643749999999955;0.6920999999999978;1.4894874999999974;4.261870833333329
12;0.0;0.6791249999999986;0.6749666666666657;0.675537499999999;0.6740499999999993;-0.4416666666666667;0.6790499999999987;0.4354666666666646;1.1399958333333318;1.7290916666666643;-0.4416666666666667;1.8181166666666637;0.0;0.3456124999999986;0.30587083333333176;1.859741666666664;0.42259583333333267;0.0654416666666658;0.17305416666666598;-0.6833333333333335;0.3465291666666652;1.781729166666663;1.6111041666666637;2.3997624999999974;-0.06287916666666711;0.17216666666666605;0.07259166666666587;-0.02902083333333383;-0.23605000000000076;-0.02970000000000032;-0.19611666666666716;-0.27899583333333394;-0.15375833333333389;-0.7416666666666668;1.145745833333331;2.5429583333333285;1.7791291666666635;1.7278958333333312;-0.14584583333333376;0.17055833333333292;0.07002083333333275;-0.0290333333333338;-0.23691666666666733;-0.02887500000000054;-0.027725000000000555;0.3110749999999986;-0.15392916666666712;-0.030087500000000305;-0.07097083333333383;-0.1554125000000004;-0.02861666666666714;-0.15300833333333408;0.9810833333333316;-0.11300000000000036;-0.028029166666667254;-0.030175000000000396;-0.07035416666666716;-0.02944166666666707;0.5586541666666656;-0.40280000000000066;0.6400041666666659;-0.0299333333333337;-0.030366666666666986;-0.15334583333333404;-0.028158333333333913;-0.02811250000000054;0.2233874999999991
13;0.4445624999999995;0.29644166666666594;-0.4416666666666667;0.5938666666666663;0.5925666666666664;0.3968083333333332;0.29652916666666546;0.23431249999999912;0.09522916666666544;-0.05444583333333386;-0.1948625000000006;-0.07089166666666713;-0.028216666666667185;-0.02855416666666714;-0.06513750000000107;-0.10767916666666773;-0.030333333333333583;-0.14791666666666795;-0.7000000000000001;0.6766083333333323;0.6802083333333319;0.43214999999999965;0.3395833333333324;0.23004166666666603;0.0560749999999984;-0.6000000000000001;-0.041666666666666664;0.675599999999999;0.6380083333333332;0.4761208333333324;0.29546249999999863;0.22993749999999932;0.08696249999999961;0.03823333333333179;-0.0630875000000014;-0.06126250000000152;-0.06214583333333479;0.6436041666666658;-0.07092500000000046;-0.0718500000000003;-0.7000000000000001;0.6815333333333317;0.6772333333333321;-0.20000000000000004;0.639629166666665;0.5962249999999986;0.4365166666666664;0.33958333333333196;0.2336541666666656;0.13276249999999915;0.036354166666665355;-0.06510833333333448;-0.108775000000001;-0.10690833333333445;-0.06217500000000146;-0.06430833333333456;-0.7000000000000001;0.6339375000000002;0.6793249999999986;0.35086666666666616;-0.30000000000000004;0.5919458333333332;0.6348416666666662;0.4366083333333328;-0.30000000000000004;0.6374291666666653;0.6367749999999988
14;0.6402791666666664;0.5979374999999995;0.6749958333333325;0.27430416666666574;-0.5416666666666666;-0.041666666666666664;0.5983041666666661;0.30651249999999974;1.1504166666666646;5.152129166666659;2.720837499999996;0.6799249999999986;4.115962499999994;0.8587708333333314;2.5841416666666626;3.297887499999996;2.8338916666666627;4.892924999999994;4.011679166666661;1.3642333333333305;2.6257833333333296;3.340129166666662;1.1557624999999976;4.9759583333333275;3.465045833333329;2.792308333333329;0.4836833333333314;2.036787499999997;1.8701333333333299;4.053437499999995;4.975949999999995;3.5065874999999953;2.12008333333333;0.6503708333333315;7.034841666666659;9.765995833333323;0.44197916666666465;3.5481124999999962;4.809270833333327;4.9340541666666615;4.934224999999994;-0.1055125000000013;3.2981291666666626;1.911287499999997;4.219766666666661;4.178708333333328;2.792379166666663;-0.7776708333333341;-0.021904166666668168;4.0954416666666615;2.750558333333329;3.589541666666662;4.262370833333328;6.36251666666666;0.019666666666665278;2.2033166666666633;1.99494583333333;5.690541666666661;3.631604166666662;4.976179166666661;5.773720833333326;1.4892416666666641;1.4895708333333306;3.464641666666662;1.4057833333333305;2.9589708333333298;0.7334416666666649
15;0.0;0.6748833333333324;-0.041666666666666664;0.6747874999999991;0.6782249999999986;0.6736958333333325;-0.041666666666666664;1.2849416666666627;0.6353083333333323;0.8907833333333316;-0.08333333333333333;1.103795833333331;0.0;1.7850458333333297;1.019870833333331;1.9002124999999974;0.3800458333333328;0.020574999999999493;0.17039166666666627;0.07021666666666622;-0.11220000000000048;-0.3195416666666675;-0.11356250000000041;-0.15262916666666734;-0.15372500000000056;-0.030412500000000287;-0.7416666666666668;0.3892499999999985;1.1072708333333308;0.25785833333333247;1.7283958333333311;-0.10370833333333389;0.8441958333333321;0.07054999999999938;-0.07093333333333385;0.390412499999999;-0.0714000000000004;-0.15297083333333408;-0.320320833333334;0.5588916666666657;-0.7000000000000001;1.8210041666666636;1.025416666666664;0.30197083333333224;0.3386541666666661;-0.14417083333333403;0.08978749999999931;0.0709041666666661;-0.029529166666667012;-0.11140000000000054;-0.02921250000000042;-0.11233750000000058;0.30860416666666557;-0.11226666666666711;-0.030225000000000352;-0.07200416666666713;-0.07217916666666697;-0.029958333333333642;-0.06966250000000052;0.3514749999999987;-0.07095000000000047;-0.029258333333333792;-0.02964166666666712;-0.0706833333333338;-0.029804166666667114;-0.07143750000000042;-0.40260000000000074
16;0.6345874999999996;0.39401249999999943;0.29753333333333176;0.1910249999999991;0.09570833333333195;-0.004091666666668159;-0.7416666666666668;-0.07295833333333442;0.4731791666666651;0.30557083333333285;0.2462124999999994;0.18907499999999922;0.17304166666666596;0.07051666666666612;-0.06446666666666782;-0.030366666666666913;-0.02964166666666705;-0.10427500000000149;-0.06022916666666837;-0.7000000000000001;0.675599999999999;0.6329749999999997;0.4347916666666664;0.33864166666666584;0.18937499999999927;-0.5;0.6362374999999995;0.5965249999999996;-0.20000000000000004;0.5935916666666655;0.6804666666666651;0.3925374999999993;0.3376999999999993;-0.4000000000000001;0.0;0.6382249999999994;0.6371291666666653;0.4372708333333332;0.33118333333333255;0.2736333333333325;-0.5;0.5930625;0.6770833333333321;-0.20000000000000004;0.633362499999999;0.5965541666666652;0.43304999999999977;0.333924999999999;0.2359749999999987;0.13748749999999865;-0.6000000000000001;0.6798291666666652;0.6393666666666652;0.43872083333333284;0.3371583333333325;-0.4000000000000001;0.6354708333333329;0.5523208333333328;0.4770666666666656;0.2958958333333325;0.23609583333333206;0.13703749999999867;0.03451666666666545;-0.06602916666666765;-0.06298333333333461;-0.028529166666667122;-0.0652958333333344
17;0.6399291666666663;-0.041666666666666664;0.6817958333333317;0.5986208333333324;0.6770541666666655;-0.041666666666666664;-0.041666666666666664;0.22358749999999902;-0.125;2.5604374999999937;1.8779333333333283;1.9065458333333298;2.2429833333333296;1.5047916666666634;3.5054333333333276;0.543470833333331;4.261916666666662;7.034416666666658;4.725824999999994;5.690074999999993;1.9116208333333302;2.583804166666663;1.1558833333333307;3.5475458333333285;2.0361624999999965;2.078266666666664;1.1560083333333306;0.525437499999998;1.2392583333333307;5.481749999999994;1.4057124999999975;4.934379166666661;3.5067124999999955;0.6501333333333313;-0.10555416666666795;4.054070833333328;0.441849999999998;3.547929166666662;4.095399999999995;3.506212499999996;3.5066749999999955;0.608862499999998;2.5841708333333293;1.1977749999999974;4.934479166666661;4.178929166666662;2.7924458333333297;0.6501416666666647;-0.022179166666668082;4.262166666666662;1.9950416666666637;0.01945416666666533;2.833916666666663;2.792266666666663;1.4475124999999975;1.488916666666664;3.4230124999999956;1.4477333333333309;2.9171541666666627;5.689708333333328;2.9171416666666627;6.487462499999993;0.8170999999999978;1.3644708333333309;2.1199458333333303;2.917674999999997;4.262049999999995
18;0.0;-0.041666666666666664;0.6758666666666656;-0.041666666666666664;0.6779041666666655;0.6751666666666658;0.6744166666666658;-0.20385000000000053;0.22899583333333284;-0.20249583333333399;-0.6416666666666667;0.3828083333333325;0.0;0.3474124999999984;0.30014999999999903;0.46448333333333264;0.4234874999999992;0.021512499999999452;0.17059583333333292;0.07033749999999943;-0.11176250000000061;-0.32222083333333384;-0.11163750000000068;-0.19467083333333401;-0.15439166666666712;-0.029108333333333774;-0.7416666666666668;0.38294583333333243;1.7810791666666634;0.29928333333333246;1.0123416666666654;-0.1028791666666673;0.13090416666666602;0.06980416666666615;-0.03035833333333367;-0.27793750000000084;-0.028750000000000536;-0.15395833333333386;-0.320883333333334;-0.15295833333333395;-0.7000000000000001;0.42440833333333244;0.30325416666666544;1.0567499999999983;1.011812499999999;-0.10249166666666738;0.13149166666666598;0.029195833333332866;-0.028200000000000485;-0.15288750000000073;-0.030345833333333627;-0.153083333333334;-0.4052916666666672;-0.11356250000000039;-0.029983333333333657;-0.029995833333333704;-0.11167916666666729;-0.029995833333333628;-0.07038750000000045;-0.40373750000000075;-0.06926250000000056;-0.030454166666667004;-0.028975000000000528;-0.07105833333333374;-0.027825000000000617;-0.02870416666666716;0.309770833333332
19;0.4429208333333328;0.29136666666666583;-0.4416666666666667;0.5974541666666661;-0.041666666666666664;-0.041666666666666664;0.5959624999999996;-0.15859583333333424;0.30974166666666564;-0.08477500000000093;0.0628541666666661;0.13133333333333264;0.07176666666666602;-0.07069583333333374;-0.06400000000000128;-0.029691666666667005;-0.02804583333333388;-0.1079291666666677;-0.062441666666668096;-0.062429166666668125;-0.06335416666666789;-0.06357500000000131;-0.061362500000001506;-0.06503750000000115;-0.10613750000000129;-0.07079583333333377;-0.0617750000000015;-0.06503750000000108;-0.06463333333333447;-0.030283333333333624;-0.7000000000000001;0.6381999999999985;0.6356666666666655;0.4355499999999996;0.33249166666666585;0.23728333333333196;0.12884166666666622;0.07029999999999952;-0.07021250000000057;-0.02781666666666723;-0.06317916666666801;-0.06133750000000149;-0.7000000000000001;0.6776874999999988;0.6377958333333319;0.43430833333333224;0.33858749999999915;0.23491666666666547;0.17113333333333283;0.03685833333333188;-0.11310000000000046;-0.7000000000000001;0.6336708333333324;0.6811124999999985;0.43807499999999977;-0.30000000000000004;0.0;0.6391208333333326;0.6334541666666658;-0.2416666666666667;0.6796999999999986;0.6335208333333324;0.43674166666666614;0.37214999999999926;0.23907916666666496;0.17342916666666594;0.07180833333333274
20;0.6400291666666664;0.5982708333333323;0.27449166666666575;0.17332083333333262;0.07269999999999925;-0.027633333333333954;-0.0277375000000006;-0.3192375000000008;0.3622749999999976;1.0668541666666649;0.4778874999999987;-0.06937916666666728;-0.3194458333333341;1.5726249999999975;4.725879166666661;1.1555999999999973;4.261737499999995;4.892537499999995;4.012099999999996;5.64835416666666;0.483712499999998;4.725812499999994;1.155929166666664;3.547558333333329;3.4646499999999953;4.934058333333328;0.48364583333333133;1.239491666666664;4.012187499999995;1.197454166666664;2.833920833333329;4.933437499999994;5.690033333333328;0.650149999999998;1.3229833333333305;4.053245833333328;1.156404166666664;6.3619624999999935;4.809366666666661;4.261958333333329;-0.06380833333333465;1.3228208333333307;3.2983916666666624;1.1978374999999974;3.5476416666666624;3.464808333333329;4.934479166666661;3.506270833333329;4.976091666666661;4.095337499999995;4.137187499999995;6.445708333333326;3.5480124999999956;5.6484458333333265;5.018124999999994;1.4895791666666638;4.136412499999995;-0.021787500000001403;2.9174666666666624;3.5482666666666627;5.0591499999999945;6.486783333333327;0.8169666666666648;3.4641708333333288;0.01987916666666519;2.917574999999996;3.5482583333333295
21;0.0;0.6744333333333324;0.6779833333333322;-0.041666666666666664;0.6792916666666652;0.6771958333333322;0.6758833333333323;1.2291833333333309;0.22916666666666616;0.5538791666666653;-0.6000000000000001;0.38289166666666574;0.0;1.7808874999999966;1.028674999999997;1.8608666666666636;0.42344583333333263;1.450966666666665;0.1716499999999995;-0.6416666666666667;0.3010708333333323;1.024141666666664;0.8948249999999978;2.365204166666663;-0.06039583333333409;0.17100833333333285;0.07004166666666618;-0.02934583333333381;-0.23635833333333398;-0.030054166666666975;-0.23867083333333391;1.0628083333333318;-0.19543333333333393;-0.030437500000000377;-0.029220833333333807;-0.3214875000000006;-0.02892083333333384;0.5981208333333327;0.3916416666666656;-0.15363750000000065;-0.7000000000000001;1.145245833333331;1.0274374999999971;1.058962499999998;1.0542291666666652;1.3662624999999984;0.12843749999999962;0.07083749999999944;-0.02855000000000048;-0.11154166666666732;-0.028200000000000485;-0.11359583333333363;-0.4029875000000007;-0.11300000000000036;-0.02805416666666727;-0.030095833333333693;-0.1551166666666671;-0.03052083333333359;-0.11338333333333372;-0.48693333333333394;-0.07057500000000046;-0.07001666666666732;-0.028366666666667206;-0.11280000000000039;-0.0285291666666672;-0.028300000000000474;0.26467499999999916
22;0.44580833333333275;0.29152916666666584;-0.4416666666666667;-0.041666666666666664;-0.041666666666666664;-0.041666666666666664;-0.041666666666666664;-0.06975416666666812;0.46836249999999885;0.3077874999999992;0.2461124999999994;0.14541666666666622;0.17020833333333293;0.07014583333333291;-0.10743333333333442;-0.027579166666667265;-0.0715875000000004;-0.10189166666666838;-0.06635000000000098;-0.10350000000000152;-0.06550416666666777;-0.060495833333334935;-0.10209166666666829;-0.06296666666666799;-0.10705000000000116;-0.10842500000000092;-0.10710833333333447;-0.06272083333333471;-0.0627750000000014;-0.02786250000000053;-0.7000000000000001;0.6383708333333319;0.6384249999999985;0.43600416666666636;0.3357583333333321;-0.4000000000000001;0.6814499999999984;0.6756208333333323;0.4339124999999991;0.33505833333333257;0.23514999999999878;0.17039583333333294;0.038249999999998376;-0.028612500000000485;-0.14797916666666797;-0.07001666666666724;-0.030083333333333646;-0.7000000000000001;0.6341458333333335;0.6743666666666659;0.43628749999999933;-0.30000000000000004;0.6335124999999991;0.6798833333333318;-0.20000000000000004;0.6386958333333328;0.6323291666666667;0.4354541666666662;-0.30000000000000004;0.6395499999999984;0.6785291666666654;-0.2416666666666667;0.6355374999999995;0.6778666666666654;0.4386999999999995;-0.30000000000000004;0.6795791666666653
23;0.6396791666666665;0.5979916666666664;0.27422083333333247;0.17347916666666588;0.07297916666666586;-0.10193750000000172;-0.10169166666666836;0.23726666666666407;0.4043416666666642;1.7807666666666642;-0.23620416666666752;0.602862499999999;2.536458333333331;0.10300416666666523;3.2977374999999953;5.482437499999993;6.403820833333327;4.892779166666662;1.8697583333333299;4.934258333333328;1.1980249999999975;1.156029166666664;3.339533333333329;4.2208166666666616;2.7505916666666628;2.0783958333333303;-0.944245833333334;1.2394208333333308;3.298099999999995;0.4836208333333314;4.2621791666666615;4.220245833333329;3.5482041666666624;1.4064166666666642;1.363941666666664;3.339854166666662;5.439912499999994;1.3644499999999973;4.095216666666661;4.220683333333327;0.6503916666666648;4.178933333333328;5.440058333333326;0.5667708333333313;3.506570833333329;4.8510749999999945;3.506449999999996;2.792066666666663;0.6917124999999981;3.3815041666666623;1.2809958333333307;5.73205416666666;4.261591666666661;1.3640916666666643;0.822654166666664;2.203337499999997;1.2811624999999975;-0.02200833333333489;4.345524999999995;3.5478791666666623;4.345570833333329;0.7753583333333314;3.6307499999999955;4.892741666666661;0.7336083333333313;5.059354166666661;2.83365833333333
24;0.0;0.6757541666666657;0.681779166666665;0.6734083333333326;0.6739458333333325;0.2726874999999993;-0.5416666666666666;0.5585458333333314;0.5973499999999984;0.17733333333333215;-0.041666666666666664;0.38459999999999894;0.0;0.344945833333332;0.3014291666666655;1.1437249999999979;0.46494999999999925;0.024062499999999137;-0.5416666666666666;0.5971291666666652;0.46827083333333225;0.7230999999999983;0.25829999999999903;-0.1019333333333341;0.1303374999999994;-0.012604166666667157;-0.7416666666666668;0.38883333333333187;0.34282083333333224;1.6940874999999969;3.15715833333333;-0.14548750000000052;0.12899999999999956;0.07116666666666609;-0.0293375000000005;-0.31958333333333405;-0.030041666666667077;-0.11182916666666724;-0.361895833333334;-0.15545833333333373;-0.7000000000000001;1.151687499999997;0.3018416666666656;1.0145208333333318;1.6866999999999976;-0.10380833333333388;0.13097916666666598;0.07177083333333267;-0.028691666666667115;-0.11169583333333392;-0.02789583333333386;-0.11257500000000047;0.2667708333333321;0.6014499999999988;-0.029612500000000447;-0.03002083333333372;-0.11117916666666727;-0.11148750000000059;-0.06997083333333387;-0.40396250000000067;0.641699999999999;-0.027695833333333957;-0.029004166666667202;-0.07130833333333375;-0.028141666666667287;-0.02967083333333372;0.2667624999999989
25;0.4451416666666663;0.2945666666666657;0.1972374999999984;0.09134999999999915;-0.6416666666666667;-0.041666666666666664;-0.041666666666666664;-0.07110833333333473;0.42702083333333213;1.0280749999999979;0.24849166666666578;0.18745833333333276;0.13138749999999932;0.07017083333333285;-0.06490000000000118;-0.029545833333333715;-0.028483333333333822;-0.10778333333333441;-0.06254166666666801;-0.06224583333333478;-0.061562500000001484;-0.10538333333333468;-0.06422083333333455;-0.10603750000000119;-0.14751666666666796;-0.06432083333333453;-0.0647458333333345;-0.7000000000000001;0.5948666666666661;0.6364791666666654;0.43923749999999934;0.2918958333333325;0.27320833333333244;0.13596666666666546;0.034383333333332176;-0.06040416666666826;-0.06431666666666787;-0.02932500000000038;-0.0709750000000005;-0.029054166666667085;-0.10200000000000169;-0.06708750000000097;-0.7000000000000001;0.6768958333333321;0.6380916666666652;0.4326208333333325;0.3339458333333325;0.2380249999999986;0.1719291666666661;0.036445833333331956;-0.06370833333333463;-0.7000000000000001;0.5951749999999988;-0.041666666666666664;0.5934249999999996;0.6772333333333321;0.4374249999999995;0.33898333333333247;0.2711249999999994;0.12957499999999947;0.033695833333332294;-0.7000000000000001;0.0;0.6372874999999995;0.6761208333333323;-0.20000000000000004;0.6755916666666657
26;0.6403583333333326;0.5979208333333331;0.2739666666666658;0.17335833333333261;0.07289583333333256;-0.10117500000000175;-0.10175416666666841;0.9513791666666638;-0.8250000000000002;1.1132458333333302;0.4317749999999983;3.344266666666661;0.8090999999999982;0.07330416666666532;4.220554166666661;-0.12933333333333477;2.1195624999999967;2.750912499999996;1.156358333333331;1.364145833333331;-0.2302416666666681;4.011883333333329;3.298329166666662;3.547579166666663;5.60685416666666;2.07808333333333;1.9117291666666631;3.3812708333333297;6.15404166666666;1.91160833333333;4.262087499999995;8.504274999999991;4.220599999999995;-0.06355000000000155;0.6089416666666647;3.339462499999995;0.4418208333333314;3.5064916666666632;1.952987499999997;3.5062333333333284;-0.7776416666666673;2.03683333333333;4.767524999999995;0.5252083333333313;5.648858333333327;3.464295833333329;3.506520833333329;1.3645791666666642;0.01995833333333182;1.95334583333333;3.4228499999999955;3.5893833333333287;4.303729166666662;4.220849999999995;0.7756166666666647;0.7754083333333313;4.136970833333328;3.5894958333333284;1.4477749999999976;3.5477791666666625;5.059116666666662;1.5311291666666638;1.4894374999999975;4.178587499999995;0.6921499999999977;4.387008333333328;2.16210833333333
27;0.0;0.6805374999999985;0.6769749999999989;0.6725041666666661;0.6719041666666662;0.27428749999999913;-0.5416666666666666;1.2742333333333307;0.6358124999999988;1.6040541666666643;-0.041666666666666664;1.8232916666666632;0.0;0.3413916666666658;1.7428624999999964;1.1380458333333319;1.1792999999999985;0.733849999999999;0.1701458333333329;-0.6416666666666667;1.0642249999999975;0.2599583333333322;0.17389583333333247;0.9743416666666649;1.2853124999999979;0.17059166666666625;0.0718166666666659;-0.02992083333333373;0.47420833333333245;-0.029412500000000397;-0.19520833333333396;0.39122083333333224;-0.1548541666666671;-0.06942083333333404;-0.029516666666667118;0.4358624999999985;-0.029195833333333792;-0.11329166666666708;1.0616374999999987;-0.11365000000000036;-0.7000000000000001;0.4258083333333323;1.0185541666666647;1.0595291666666646;0.3405124999999993;0.6116291666666653;0.13076666666666603;0.06971249999999955;-0.029941666666667015;0.5608124999999989;-0.03047083333333363;-0.15457083333333377;0.22626249999999878;-0.15491250000000037;-0.029058333333333814;-0.030404166666667048;-0.06991250000000056;-0.029804166666667038;-0.0707875000000004;1.6936874999999978;-0.06969166666666726;-0.029770833333333784;-0.02982083333333374;-0.07055000000000049;-0.029300000000000437;-0.02781666666666723;-0.40294583333333417
28;0.6359875000000001;0.5931208333333334;-0.2416666666666667;0.5913125000000001;0.595991666666666;0.3933666666666664;0.2929583333333323;-0.5602625000000006;-0.6196833333333339;0.6579041666666657;-0.1946666666666673;-0.07072083333333383;-0.027875000000000576;-0.07002500000000052;-0.7000000000000001;0.553333333333332;0.598179166666665;0.3524041666666664;0.3348374999999992;-0.4000000000000001;0.6768874999999989;0.5918583333333335;0.43678333333333286;-0.34166666666666673;0.5933083333333323;0.6769333333333322;0.4333749999999996;-0.34166666666666673;0.6356791666666665;0.5983458333333317;0.43989583333333276;0.29802499999999876;0.27404999999999907;0.09597499999999859;0.03651666666666523;-0.06655833333333434;-0.7000000000000001;0.6757041666666658;0.5940916666666655;0.473516666666666;0.3375333333333319;0.23774583333333185;0.13725416666666534;0.07003333333333288;-0.027933333333333848;-0.07190000000000034;-0.7000000000000001;0.0;0.6347500000000001;0.679045833333332;0.43559166666666616;-0.30000000000000004;0.6327374999999992;0.633862499999999;0.43910416666666613;0.33337499999999914;-0.4000000000000001;0.0;0.6800624999999986;0.6348374999999989;-0.20000000000000004;0.6339708333333333;0.6383458333333332;0.4364916666666662;-0.30000000000000004;0.6385666666666653;0.6391499999999984
29;0.6401166666666663;0.6753416666666657;0.2741291666666657;0.1731624999999993;0.0728499999999992;-0.7416666666666668;0.5984791666666663;0.34824583333333176;1.7860374999999966;3.0016499999999957;3.4363624999999947;2.8256791666666623;1.9719249999999964;0.8172333333333311;3.3399749999999955;1.9118166666666634;3.5480416666666623;4.178587499999995;1.9116666666666633;-0.7777291666666674;1.9113833333333303;4.726116666666662;1.8700624999999966;4.976199999999994;4.178854166666661;6.361970833333326;1.1976499999999974;3.381299999999996;3.2976416666666624;5.52354166666666;6.404074999999993;4.220033333333329;4.220612499999994;2.0782666666666634;1.3227208333333307;2.625491666666663;0.4420124999999979;4.934624999999994;2.6673208333333296;7.076524999999992;0.6504458333333313;2.7506416666666627;4.72590416666666;-0.9442708333333342;6.362258333333326;4.892420833333327;3.5059791666666626;1.364379166666664;1.405945833333331;3.381570833333329;0.5668208333333314;7.15987916666666;5.690049999999993;5.648374999999994;2.161712499999997;1.489474999999997;5.606554166666661;3.5481041666666626;1.4890666666666643;2.83429583333333;5.773049999999993;5.059383333333328;2.2036291666666634;4.178949999999994;6.404349999999994;5.059366666666661;3.5474249999999956
30;0.0;0.6745791666666658;0.6802499999999986;0.6723749999999994;0.6727749999999993;0.27278333333333254;0.17194166666666608;-0.8048583333333338;-0.0715625000000003;1.0236208333333316;-0.7416666666666668;0.3886916666666651;0.0;1.7805249999999966;1.021620833333331;0.422154166666666;1.855245833333331;0.022420833333332668;-0.5416666666666666;0.5922333333333324;0.47149166666666514;0.7229374999999983;0.2557041666666661;-0.06296250000000048;0.12974166666666612;-0.012279166666667249;-0.028387500000000565;-0.0714916666666671;0.4743541666666658;-0.027991666666667192;-0.23667916666666744;-0.3211000000000006;-0.1949500000000007;-0.029083333333333832;-0.028141666666667287;0.43387499999999884;-0.02923750000000051;-0.11329166666666708;1.105979166666665;-0.15369583333333384;-0.7000000000000001;1.1512166666666637;0.3052499999999985;1.0160333333333316;0.33864999999999945;0.6113249999999986;0.13071666666666606;0.07092083333333273;-0.03017916666666698;-0.11250000000000049;-0.02929166666666705;-0.11340000000000032;1.6912166666666646;-0.15283333333333396;-0.02794166666666731;-0.029912500000000414;-0.07141666666666706;-0.028262500000000485;-0.07019166666666714;1.0201124999999986;-0.07166666666666695;-0.030087500000000378;-0.029804166666667114;-0.11273333333333373;-0.02818333333333393;-0.029050000000000426;0.2680541666666654
31;0.4452999999999994;0.2972124999999992;0.19178749999999897;0.17321249999999924;-0.006975000000001101;-0.1030416666666683;-0.029137500000000444;-0.7377458333333339;-0.1954000000000005;-0.23776666666666713;-0.19696666666666704;-0.07000416666666727;-0.1077291666666677;-0.028529166666667122;-0.06548750000000107;-0.0699583333333339;-0.0277208333333339;-0.14653750000000146;-0.06058750000000168;-0.06642500000000102;-0.7000000000000001;0.636095833333333;0.5960374999999987;0.43912083333333274;-0.34166666666666673;0.6798374999999987;0.0;0.6745208333333325;0.6399791666666664;0.47239583333333274;0.3348458333333322;0.22896666666666618;0.08809583333333282;0.039562499999998314;-0.06521250000000112;-0.06684166666666762;-0.06634583333333433;-0.02858750000000047;-0.07108750000000046;-0.07064583333333385;-0.061379166666668206;-0.06182500000000146;-0.06255833333333478;-0.029333333333333694;-0.028270833333333873;-0.06984583333333394;-0.06514166666666772;-0.06520000000000108;-0.06482916666666787;-0.7000000000000001;0.6769291666666656;0.6363458333333321;0.3967624999999994;0.33239583333333245;0.2337708333333323;-0.5;0.6332708333333333;0.6372541666666653;0.4733749999999994;-0.34166666666666673;0.6351999999999989;0.6769291666666656;-0.20000000000000004;0.0;0.0;0.6750499999999992;0.6351958333333322
32;0.0;-0.041666666666666664;0.6817374999999983;0.5979458333333327;0.6774499999999989;-0.041666666666666664;-0.041666666666666664;0.22346249999999904;-0.125;1.8374291666666618;1.1556416666666633;1.9069458333333298;2.9598166666666614;2.2208999999999954;4.93554166666666;-0.17082916666666823;2.8341041666666626;2.0367666666666633;3.297629166666663;3.506470833333329;3.339249999999996;4.012033333333328;1.8697333333333301;5.689420833333327;3.464537499999995;4.220070833333328;2.625704166666663;0.525462499999998;4.0117083333333285;-0.23066250000000132;2.119849999999997;4.220266666666662;4.934741666666661;2.078349999999997;2.7506874999999966;8.338066666666657;1.8698791666666634;4.934308333333328;1.9533916666666633;2.7924333333333298;2.792087499999996;-0.10544583333333464;4.011329166666662;0.48351666666666465;2.0784874999999965;4.892424999999995;4.934079166666661;2.0781083333333297;4.262395833333328;4.8088458333333275;0.5670333333333314;3.5898583333333285;2.8345208333333303;2.7925166666666628;0.7338249999999981;0.7754208333333313;2.7087916666666625;-0.7359041666666674;2.9178208333333298;3.5475374999999953;6.487654166666661;1.4894041666666642;4.345099999999994;4.892874999999994;-0.0219625000000014;2.20344583333333;2.11990833333333
33;0.0;0.6786291666666653;0.6804583333333318;0.6729249999999993;0.673116666666666;0.2734166666666659;0.1704624999999996;-0.09352500000000082;-0.11213333333333386;0.2684583333333321;-0.7416666666666668;1.1080833333333306;0.0;1.6993458333333298;1.0251749999999973;0.46706249999999905;3.2430541666666635;-0.02108333333333386;0.17203333333333273;-0.6416666666666667;1.7859041666666624;0.34270833333333234;1.6044916666666644;0.2575458333333325;2.081195833333331;0.1707208333333329;0.07114999999999931;-0.030258333333333682;-0.23722083333333388;-0.02924583333333375;-0.19545000000000057;1.0641999999999983;-0.19577500000000056;-0.7416666666666668;1.8697333333333293;2.5108416666666606;1.0549749999999984;0.2964708333333328;1.282716666666665;0.17253749999999934;0.06994166666666612;-0.7416666666666668;0.8998916666666639;0.5971374999999984;3.0354916666666623;1.604270833333331;0.8594999999999988;0.1710833333333328;0.07259583333333268;-0.11222500000000053;-0.0295375000000004;-0.11299166666666705;1.0224666666666649;-0.15369166666666723;-0.02825000000000059;-0.028620833333333873;-0.11215833333333387;-0.030095833333333617;-0.07152916666666698;-0.44472500000000065;-0.07192916666666693;-0.02931250000000048;-0.1132375000000005;-0.06995000000000055;-0.029716666666667096;-0.028500000000000452;0.30798333333333244
34;0.6369249999999996;0.39749166666666597;0.2962499999999993;0.19561249999999863;0.09642916666666523;-0.004566666666668051;-0.7416666666666668;-0.07394166666666768;0.47144583333333195;0.30946249999999903;0.2502666666666656;0.187941666666666;0.09619166666666527;0.06983749999999955;-0.06663333333333432;-0.030333333333333583;-0.029316666666667063;-0.7416666666666668;0.6357499999999988;-0.041666666666666664;0.6799166666666653;-0.041666666666666664;0.6346124999999989;0.6366249999999987;0.3957083333333331;0.3392458333333326;0.15204166666666552;0.17332083333333262;-0.6000000000000001;0.6380666666666652;0.6794583333333319;-0.2416666666666667;0.6776583333333321;0.0;0.0;0.6368833333333327;0.6781499999999987;0.43867083333333273;0.3311874999999992;0.27109999999999945;0.13467499999999896;0.03347916666666569;-0.7000000000000001;0.6764249999999988;0.6347208333333323;0.43104999999999943;0.33676666666666577;0.23476249999999887;0.17234583333333267;0.03672916666666537;-0.06026250000000163;-0.06158333333333484;-0.10609583333333457;-0.06650416666666766;-0.06666250000000092;-0.7000000000000001;0.5977666666666659;0.6758958333333323;0.4735458333333326;-0.34166666666666673;0.6803791666666652;0.6767958333333323;0.43928333333333275;0.33641666666666553;0.23501666666666554;0.17252499999999937;0.030533333333332708
35;0.0;0.598524999999999;0.681741666666665;0.6771666666666656;0.6754833333333323;0.19840416666666502;-0.5416666666666666;-0.2916666666666667;0.3901291666666657;1.0720916666666633;2.500537499999995;3.3761333333333283;4.6598916666666605;3.081670833333329;4.830112499999994;1.156254166666664;3.5482708333333286;4.8926958333333275;6.867562499999994;1.3645791666666638;2.6259749999999964;3.297612499999996;1.8701416666666635;4.975374999999993;5.606270833333327;5.647770833333328;0.4838458333333313;5.52315416666666;4.011695833333328;1.1975958333333308;4.976383333333327;4.220658333333328;6.36241666666666;2.07867083333333;0.6087708333333314;4.053404166666662;6.154324999999993;4.934137499999994;3.381316666666662;4.934370833333328;2.12012083333333;2.0365666666666633;7.581924999999991;-0.23023333333333476;4.933674999999995;5.606837499999994;6.362449999999993;1.3642291666666637;2.8338583333333296;4.095383333333328;6.992629166666659;4.344829166666661;4.976658333333328;5.647970833333328;2.1620499999999967;0.7755458333333314;1.9953833333333302;6.4042624999999935;4.470412499999995;5.689937499999995;5.773387499999994;0.7753458333333313;0.7752041666666646;6.279041666666661;7.117379166666659;6.487537499999994;4.262637499999995
36;0.0;0.6806499999999985;0.6791874999999986;0.6736166666666659;0.6730791666666659;0.27043333333333286;0.17022083333333296;-0.8039958333333339;-0.07161250000000034;-0.4028208333333341;-0.7833333333333335;0.383612499999999;0.0;0.3421458333333323;0.3041374999999986;0.42709999999999876;0.42173749999999943;0.02284166666666591;0.12892083333333293;-0.6416666666666667;0.303983333333332;0.34511249999999877;0.13059166666666608;0.25810416666666586;-0.061079166666667316;0.17110833333333283;0.02852916666666616;-0.028100000000000496;-0.2373166666666673;-0.028195833333333826;-0.2384208333333339;-0.321020833333334;-0.1964458333333338;-0.7416666666666668;0.428745833333332;0.38983333333333164;0.341824999999999;0.2997708333333325;-0.06176666666666727;0.17296666666666596;0.07261249999999915;-0.7416666666666668;0.1767249999999989;0.5954249999999986;0.1751541666666657;0.17083749999999961;0.14632916666666604;0.17039583333333294;0.07250833333333258;-0.1541500000000006;-0.029033333333333727;-0.11137083333333393;-0.444883333333334;-0.1539458333333339;-0.06968333333333399;-0.06977083333333405;-0.06998750000000054;-0.11155833333333394;-0.11110416666666734;-0.44457500000000066;-0.07134166666666712;-0.028812500000000536;-0.028633333333333844;-0.06979166666666721;-0.029504166666667147;-0.02960833333333372;-0.4461208333333338
37;0.6370333333333327;0.47668333333333224;0.3726208333333327;0.19501666666666528;0.09134999999999908;-0.004912500000001467;-0.10765416666666767;-0.7786000000000005;-0.15420416666666723;-0.27826666666666733;-0.1963666666666671;-0.07088750000000048;-0.028950000000000437;-0.02772916666666721;-0.7000000000000001;0.5141416666666659;0.5922291666666656;0.3955041666666665;0.3394708333333325;-0.4000000000000001;0.6821374999999983;0.0;0.6364749999999987;0.5946083333333321;-0.2416666666666667;0.6772833333333321;0.6397291666666665;-0.20000000000000004;0.6371375;0.6355124999999989;0.4380874999999995;0.29524166666666546;0.2719374999999993;0.13465416666666563;0.03360833333333224;-0.7416666666666668;0.5952874999999997;0.679645833333332;0.3538333333333328;-0.30000000000000004;0.6344874999999996;0.678483333333332;0.39184583333333306;0.33261249999999903;0.27092916666666605;0.1314458333333326;0.03334583333333233;-0.7000000000000001;0.6353916666666662;0.675187499999999;0.43420416666666645;0.33935416666666596;-0.4833333333333334;0.6343208333333323;0.6785958333333321;0.4373624999999998;0.3395416666666657;-0.4000000000000001;0.6778666666666654;0.6367249999999988;0.43714583333333284;-0.34166666666666673;0.0;0.640020833333333;0.6811249999999984;0.43704166666666616;0.3375333333333324
38;0.6397583333333331;0.5983291666666658;0.6755124999999991;0.27417916666666575;0.1733791666666659;-0.0015291666666683208;-0.02754166666666728;-0.43510416666666846;-0.15258333333333407;2.4950541666666632;-0.2360458333333341;-0.06920416666666733;3.2502874999999967;0.8586124999999981;2.5840249999999965;1.1562874999999972;3.5065874999999953;4.178504166666662;4.725949999999995;4.220291666666662;6.23747916666666;4.012291666666662;5.439595833333327;4.261791666666662;4.178516666666662;2.834429166666663;-0.23037083333333466;4.809433333333328;3.2982874999999954;1.1973499999999972;3.547695833333329;4.220562499999995;3.548095833333328;1.3642958333333308;2.0364999999999966;5.481420833333327;1.87003333333333;5.648362499999994;6.195162499999992;4.220083333333328;0.6504291666666646;3.4647166666666624;6.15409166666666;0.48392499999999794;3.5477166666666613;2.7506958333333293;2.0785874999999967;1.3642999999999974;2.1200791666666636;4.095658333333328;0.5671499999999979;5.7316791666666616;3.5477791666666625;2.7922583333333293;0.01989166666666516;1.4895833333333306;3.423279166666662;6.403808333333326;3.631220833333329;3.5896041666666623;4.345433333333328;2.203362499999997;1.4893208333333305;2.0780041666666635;0.7337124999999977;5.0595458333333285;2.833883333333329
39;0.0;0.6791291666666653;-0.041666666666666664;0.681091666666665;0.6805124999999985;0.6752291666666657;-0.041666666666666664;2.000516666666662;0.6327499999999991;1.6022791666666647;-0.041666666666666664;3.2178166666666606;0.0;1.0670708333333305;0.3031124999999988;1.1384999999999985;0.38022499999999937;0.7384041666666651;-0.5416666666666666;1.3144124999999975;1.1916958333333305;0.7205874999999987;0.25826666666666576;0.6523541666666653;0.1289958333333329;-0.013429166666667084;-0.02874166666666722;-0.029079166666667173;-0.27937916666666723;-0.028525000000000467;-0.1969500000000004;1.8175666666666646;-0.15512083333333374;-0.7416666666666668;0.38790833333333197;1.066004166666664;1.7747916666666639;2.398433333333331;0.6135333333333318;0.17039999999999958;0.02854999999999956;-0.03013750000000041;1.2307583333333316;-0.029633333333333733;-0.02814583333333387;0.30805833333333227;-0.1964375000000005;-0.028770833333333818;-0.029295833333333705;-0.11199166666666716;-0.02962083333333369;-0.11367916666666707;0.9771124999999987;-0.15287916666666734;-0.030500000000000305;-0.028008333333333968;-0.11287083333333385;-0.029591666666667016;-0.07110833333333373;1.0212083333333317;-0.07181250000000039;-0.028725000000000517;-0.028883333333333854;-0.07122083333333373;-0.07005416666666726;-0.07177083333333374;0.2687374999999987
40;0.6341499999999997;0.3969374999999998;-0.34166666666666673;0.592745833333333;0.5978458333333331;0.3944374999999995;0.2943499999999993;-0.4365041666666671;-0.6194041666666673;-0.05336666666666726;-0.19639583333333377;-0.07141250000000043;-0.02973333333333365;-0.030095833333333617;-0.7000000000000001;0.46617083333333253;0.5922041666666656;0.39183333333333287;0.3402833333333322;0.2365874999999987;-0.5;0.6328750000000002;0.5526583333333321;0.4383416666666666;-0.38333333333333347;0.6774499999999989;0.0;0.6789999999999986;0.6374083333333332;0.4729624999999993;-0.30000000000000004;0.5934333333333323;0.6399499999999984;0.4395833333333327;-0.30000000000000004;0.6391541666666665;0.6758666666666656;0.43703333333333316;0.33016666666666594;0.19793749999999855;-0.5;0.6774458333333322;0.6746166666666658;0.4335166666666664;0.33309583333333254;0.23037083333333266;0.17132916666666617;0.036808333333331965;-0.06033333333333494;-0.7000000000000001;0.6802416666666652;0.6763083333333323;0.39342916666666605;0.3383208333333323;0.2344749999999988;-0.5;0.633933333333333;0.675024999999999;0.43224166666666597;-0.34166666666666673;0.6786749999999987;0.5932791666666656;-0.20000000000000004;0.0;0.0;0.6738833333333325;0.6339166666666657
41;0.0;-0.041666666666666664;0.5981666666666657;0.598299999999999;0.6775958333333322;0.6754958333333323;0.1985166666666649;0.4385458333333309;5.080024999999995;1.8227499999999974;-0.23603333333333412;-0.06933750000000065;-0.31947916666666737;4.428749999999995;3.2978958333333286;0.44196249999999787;4.261624999999995;4.8929541666666605;2.584416666666663;4.220491666666661;4.768145833333327;1.155795833333331;0.4420541666666648;5.731783333333328;4.892262499999995;5.648124999999994;4.8094791666666605;1.239316666666664;3.2980249999999955;-0.9442708333333342;4.975679166666661;2.1203916666666633;2.7924333333333293;0.6502749999999979;0.6091291666666647;4.053408333333328;4.725554166666661;4.2203958333333285;6.993249999999993;2.0781333333333296;1.3644624999999972;0.6501874999999978;4.011766666666662;4.054074999999995;2.7923583333333295;3.4648958333333284;3.506545833333329;-0.06347916666666824;-0.7359375000000008;5.523291666666661;-0.14677083333333463;2.1619666666666633;4.262183333333328;3.5064666666666624;1.447266666666664;0.06144166666666543;3.4227583333333285;0.6917333333333314;3.631487499999995;4.262149999999995;2.2032916666666633;0.06117499999999865;0.775462499999998;2.7507124999999966;0.6919958333333313;2.2037708333333303;4.262091666666661
42;0.0;-0.041666666666666664;-0.041666666666666664;0.6781708333333322;0.6808999999999985;0.6753833333333324;0.6747916666666658;-0.6869500000000004;0.006658333333332618;-0.6000000000000001;1.0636166666666642;0.0;1.308462499999998;0.38674999999999865;1.5218374999999977;1.221033333333332;0.736208333333332;0.12901249999999953;0.02959999999999933;-0.7416666666666668;0.34286249999999896;1.0256249999999971;0.1721791666666661;0.2556958333333326;-0.06276666666666715;0.17194999999999938;0.07070416666666612;-0.028783333333333865;-0.23703333333333387;-0.02966250000000033;1.2286749999999986;-0.3622083333333341;-0.15544583333333373;-0.029004166666667202;-0.02980833333333377;-0.2787416666666674;-0.028150000000000525;-0.11158333333333396;0.39084999999999903;0.5604458333333321;-0.029491666666667027;-0.030329166666667;-0.1953375000000007;-0.030062500000000363;-0.028712500000000474;0.9801333333333316;0.5167208333333324;-0.030095833333333617;-0.030195833333333606;-0.11276250000000047;-0.02850833333333384;-0.1539750000000005;-0.4459875000000005;0.5155999999999991;-0.028645833333333887;-0.029587500000000433;-0.07039583333333381;-0.029316666666667063;0.6428416666666658;0.265937499999999;-0.06945416666666722;-0.028058333333333924;-0.030575000000000352;-0.07019166666666717;-0.02782083333333396;-0.027925000000000533;0.9796249999999985
43;0.6327833333333331;0.5940374999999994;-0.2416666666666667;0.5959874999999998;0.6770583333333322;0.3978708333333328;-0.34166666666666673;-0.07045833333333477;0.4714291666666652;0.3081583333333324;0.2499833333333323;0.18745416666666612;0.1700541666666663;0.07019166666666614;-0.029016666666667097;-0.10446250000000139;-0.028645833333333814;-0.07024166666666724;-0.7000000000000001;0.6764791666666655;0.6790041666666653;0.4346916666666663;-0.30000000000000004;0.637458333333332;0.5078208333333335;0.4365208333333328;0.33904999999999913;-0.4416666666666667;0.6332333333333335;1.3567874999999976;0.4364999999999995;-0.38333333333333336;0.6758208333333323;0.6343041666666667;0.436866666666666;0.3338291666666657;0.27237916666666595;0.17322083333333263;0.030445833333332617;-0.028220833333333844;-0.06327083333333468;-0.7000000000000001;0.6369291666666664;0.6372124999999986;0.43975833333333286;0.3332916666666656;0.23529999999999887;-0.5;0.6373749999999992;0.6352249999999988;0.43756666666666644;0.335487499999999;0.2297833333333327;0.17053749999999956;-0.6000000000000001;0.6800833333333318;0.6345166666666663;-0.20000000000000004;0.5957624999999985;0.6361791666666655;0.438358333333333;0.33518749999999925;0.23289166666666575;0.1333249999999991;0.03870833333333168;-0.028270833333333873;-0.06023750000000161
44;0.6396333333333325;0.6819249999999983;0.6777083333333321;0.6753916666666657;0.2739999999999991;-0.5416666666666666;-0.041666666666666664;0.9464791666666642;0.4734083333333324;5.168345833333324;1.7760041666666637;2.7625916666666623;-0.4100291666666674;5.544516666666659;5.439745833333326;1.8698624999999967;3.5480874999999954;3.4646708333333294;4.053383333333328;2.834199999999996;1.9118416666666633;4.011824999999995;3.2982291666666623;4.262137499999994;4.179170833333328;6.362529166666659;1.9117541666666635;6.951308333333325;6.154495833333326;4.767629166666661;4.261908333333328;4.220904166666661;3.506654166666662;4.220449999999995;0.6086249999999981;5.481654166666661;2.5836666666666632;2.833924999999996;5.565433333333328;4.934008333333328;0.6919124999999978;-0.10548333333333478;1.1558499999999974;4.767420833333328;2.0787666666666635;4.892962499999995;4.220399999999995;-0.06363750000000135;5.690274999999993;3.3812833333333288;0.566837499999998;2.8764166666666626;6.403524999999994;4.9347833333333275;1.447479166666664;0.7337916666666646;2.709116666666663;1.406312499999997;4.345054166666662;4.262212499999995;2.9176749999999956;1.5313249999999972;5.059395833333327;2.7510833333333298;1.406141666666664;6.487908333333327;5.689645833333327
45;0.0;0.6783083333333321;-0.041666666666666664;-0.041666666666666664;-0.041666666666666664;0.6811874999999984;0.6812333333333317;1.9932541666666628;0.5478916666666659;0.6965124999999985;-0.5;1.824929166666663;0.0;2.499729166666662;2.4637666666666616;1.1385624999999986;1.852362499999998;0.7346083333333322;0.17249166666666604;0.07198333333333262;-0.1112625000000006;-0.31952083333333403;-0.1122125000000006;0.5575208333333325;-0.15276666666666736;-0.028433333333333793;-0.02827916666666726;-0.028129166666667243;-0.27834166666666743;-0.029316666666667063;-0.23740000000000058;0.3933916666666654;-0.1963000000000005;-0.028870833333333883;-0.027716666666667316;-0.31999166666666734;-0.027758333333333957;-0.11155833333333394;0.39175833333333215;0.5172749999999989;-0.028779166666667133;-0.7416666666666668;2.2469291666666624;0.5972041666666651;1.6126541666666636;0.8908124999999982;0.14650416666666607;0.17255416666666604;0.07112499999999937;-0.11149583333333395;-0.02848750000000048;-0.15423750000000047;0.3095166666666655;-0.1529541666666673;-0.029762500000000396;-0.028545833333333825;0.6421666666666657;-0.027758333333333884;-0.11264166666666715;0.3099416666666654;-0.07037500000000048;-0.02835833333333389;-0.03011666666666705;0.5986374999999993;-0.029200000000000448;-0.029962500000000298;-0.40379583333333396
46;0.6386041666666659;0.5958833333333328;-0.2416666666666667;-0.041666666666666664;-0.041666666666666664;0.5914875000000002;0.595941666666666;-0.27437500000000087;0.2501666666666656;0.022170833333332734;0.0057083333333326864;0.029766666666666053;-0.030120833333333635;-0.02840833333333385;-0.062279166666668107;-0.02966666666666699;-0.02965416666666702;-0.10372500000000158;-0.06227500000000145;-0.06552500000000105;-0.06291666666666802;-0.06682916666666756;-0.7000000000000001;0.6399374999999984;0.592799999999999;0.43826666666666636;0.33423749999999924;0.2708083333333327;-0.5;0.634162499999999;0.6773333333333321;0.3968749999999995;-0.30000000000000004;0.0;0.6362583333333328;0.6392083333333328;0.43528333333333274;0.3366833333333326;0.22876249999999954;-0.5416666666666666;0.6353999999999996;0.675724999999999;0.4370749999999996;-0.30000000000000004;0.6354458333333323;0.594808333333332;-0.20000000000000004;0.0;0.6365166666666666;0.6785666666666653;0.4350791666666661;0.3331583333333325;0.22955833333333278;0.09668333333333183;-0.6000000000000001;0.6392291666666664;0.6396999999999997;-0.20000000000000004;0.5969166666666664;0.6351624999999989;0.3560833333333328;0.33572916666666536;0.23641249999999867;0.09578333333333196;-0.6000000000000001;0.6758666666666656;0.6400499999999983
47;0.6399583333333331;0.5985749999999996;0.6752999999999991;0.19822499999999862;0.17315416666666597;-0.002004166666668398;-0.10180833333333501;-0.4763500000000018;-0.30997500000000183;1.7808708333333307;0.47802916666666545;-0.06929166666666726;-0.319233333333334;0.8586666666666648;4.725449999999994;1.1561041666666638;2.1198958333333304;3.464870833333329;0.44214999999999804;4.220383333333328;0.5253916666666648;4.053674999999995;2.5837458333333294;2.8337999999999965;1.4062249999999972;2.7922749999999965;1.1975333333333307;1.2811958333333306;2.5837958333333293;0.4835333333333313;4.178887499999995;2.1199374999999967;3.506262499999995;-0.06365416666666805;2.03682083333333;1.9532416666666634;0.4420541666666648;0.6505666666666644;3.3813416666666622;2.078616666666664;-0.06354583333333474;4.892520833333329;4.012141666666662;2.6252583333333295;4.934354166666661;3.464612499999996;4.220191666666662;-0.06356250000000145;-0.02202916666666817;4.095554166666662;-0.14692916666666803;1.4890833333333306;0.6918458333333314;2.7925874999999962;0.733562499999998;0.7750874999999979;3.4228541666666623;0.6921291666666646;3.672629166666663;1.4061624999999973;3.6315916666666617;1.530816666666664;0.06159166666666523;2.03672083333333;1.4058583333333308;0.7754416666666645;2.834049999999996
48;0.0;0.6746291666666657;0.6799208333333319;0.6758166666666656;0.6729958333333327;0.2735083333333325;0.17167916666666608;-0.8038250000000007;-0.07185000000000037;-0.40273333333333405;-0.7416666666666668;0.38792083333333194;0.0;0.3435958333333322;1.0198749999999979;0.42314999999999925;0.42417499999999925;0.021470833333332735;0.17298749999999932;0.06991249999999953;-0.11188750000000063;-0.32023333333333404;-0.11245833333333388;-0.15293333333333395;0.5565499999999993;-0.029029166666667067;-0.029254166666667136;-0.03002083333333372;-0.19712083333333372;-0.06981250000000054;-0.19640416666666716;-0.320695833333334;-0.19430000000000072;-0.029587500000000433;-0.028791666666667177;-0.27853750000000077;-0.027629166666667298;-0.11336250000000041;-0.40490416666666723;-0.15456666666666707;-0.7000000000000001;0.4278374999999988;0.30314583333333206;1.0561208333333318;0.3411833333333325;0.5265249999999989;0.13153749999999928;0.07254583333333264;-0.030295833333333595;-0.113329166666667;-0.027891666666667203;-0.11392916666666693;-0.4887625000000005;-0.11316250000000043;-0.030225000000000352;-0.02839583333333388;-0.07132083333333372;-0.028108333333333884;-0.07058750000000043;-0.4051916666666671;-0.07043750000000049;-0.028200000000000558;-0.028912500000000525;-0.07189583333333364;-0.02872083333333379;-0.027529166666667233;0.26580833333333237
49;-0.19166666666666668;0.5951374999999995;0.5965291666666666;-0.2416666666666667;-0.041666666666666664;0.5942708333333334;0.5972124999999997;-0.27372083333333425;0.28806666666666597;0.023241666666665866;0.00418333333333291;0.028749999999999536;-0.02811250000000054;-0.030295833333333595;-0.7000000000000001;1.2309541666666641;0.5966541666666653;0.3958374999999994;0.3386249999999988;0.2329166666666657;-0.5;0.6326125000000001;0.597829166666665;0.4390124999999994;0.2545833333333326;0.27054166666666607;0.13336249999999908;-0.002487500000001678;-0.7000000000000001;0.6372541666666653;0.6813374999999984;-0.2416666666666667;0.6781416666666654;0.0;0.6395124999999996;0.0;0.6765374999999989;0.6786874999999987;0.4331416666666658;0.33758333333333224;0.23576249999999876;0.17206666666666606;0.03454583333333209;-0.06952083333333396;-0.07095833333333375;-0.07090000000000045;-0.060466666666668334;-0.1050750000000014;-0.06425416666666788;-0.7000000000000001;0.6789458333333319;0.6771041666666656;0.3956916666666664;0.3337416666666657;0.2394958333333317;0.1361791666666654;-0.6416666666666667;0.6347249999999998;0.6803541666666651;0.39446666666666624;0.34025833333333183;0.23366666666666558;-0.5;0.6392416666666658;0.6776624999999988;0.43502083333333297;0.29761249999999867
